"SNP","effect_allele","other_allele","gamma_exp1","gamma_exp2","gamma_exp3","se_exp1","se_exp2","se_exp3","gamma_out1","se_out1","selection_pvals"
"rs10001145","T","C",-0.0280016,0.00459193,0.002556,0.0192895,0.026153,0.0029,-0.00789055,0.0144817,0.003034
"rs10021843","T","C",-0.00149388,0.0217796,0.001156,0.0170598,0.022892,0.002551,-0.0105627,0.01394,0.001149
"rs10032875","C","T",-0.0247547,0.0138005,0.01264,0.0176386,0.0235995,0.002633,0.00574461,0.0134736,0.001769
"rs10043775","C","T",-0.0293692,-0.0674355,-0.00537,0.0191053,0.0256918,0.002855,-0.0332672,0.0159252,0.003051
"rs10048951","A","G",0.00680513,0.0550153,0.01639,0.0285407,0.0386096,0.004574,0.0314836,0.0269529,0.0002048
"rs10049421","A","G",-0.0273219,0.0102863,-0.006087,0.0179403,0.02419,0.002705,0.0275687,0.0143652,0.001017
"rs10056965","T","C",-0.0399296,-0.0172718,-0.021,0.0444803,0.0585183,0.006855,-0.0215688,0.0744106,0.00196
"rs10059973","G","A",0.0122993,0.0429753,0.007084,0.0168949,0.0225826,0.00258,0.00845381,0.013474,0.0001953
"rs10097784","A","C",0.0349535,-0.0125072,-0.01047,0.017178,0.0230584,0.002562,0.0222306,0.0142935,0.0008383
"rs10102164","A","G",-0.00275698,-0.0057974,0.0008875,0.0205038,0.0273565,0.003103,-0.00491418,0.015837,0.000117
"rs10107666","C","T",0.0267462,0.0277132,-0.002475,0.0169128,0.0226579,0.002554,-0.000552821,0.0134514,9.769e-06
"rs10113433","C","T",0.00199811,-0.0161043,0.01226,0.0196689,0.0265156,0.003048,-0.0102912,0.0164964,0.0002892
"rs10132148","T","C",-0.0396438,-0.0129712,-0.006141,0.0203405,0.0269493,0.002886,-0.00781933,0.0204587,0.0001615
"rs10132280","A","C",-0.0192101,-0.00494915,-0.0191,0.0184669,0.0246321,0.002789,0.00728155,0.0140783,7.198e-08
"rs10166991","G","T",0.021079,-0.0286089,0.01847,0.0187223,0.0253301,0.002818,-0.015387,0.0145582,0.00162
"rs10174250","C","T",0.0396504,0.0109117,0.008045,0.0186135,0.0251161,0.002877,0.00761366,0.014675,3.12e-05
"rs10182090","A","C",-0.0475752,-0.0665879,-0.01162,0.0191271,0.0256546,0.00284,-0.00588742,0.0146193,0.000766
"rs10197031","C","T",-0.0124654,0.0153139,0.0218,0.0187072,0.0247276,0.002816,-0.00655508,0.0141017,0.0002379
"rs10232856","C","A",-0.0262217,0.0112952,0.007264,0.017527,0.0236393,0.002658,0.00010359,0.0140058,0.0005453
"rs10240779","T","C",0.00166217,-0.0464645,0.01158,0.0170905,0.0230633,0.002563,0.00514904,0.0136934,1.277e-06
"rs10241252","A","G",-0.0327148,0.051575,0.01368,0.0175764,0.0235854,0.002665,0.00598959,0.0135146,8.608e-06
"rs1024507","G","A",-0.0301921,0.0160971,-0.004433,0.0269825,0.0360398,0.00406,-0.0098453,0.0206844,0.0005519
"rs1024889","G","A",0.0224161,0.0238385,0.01265,0.0179303,0.0239616,0.0027,0.0247782,0.0153441,8.33e-05
"rs1026764","T","C",0.0431682,0.0205451,0.0129,0.0240051,0.0322701,0.003775,0.0494915,0.019905,1.25e-05
"rs1032306","A","C",0.0637353,0.0226141,0.00378,0.0409741,0.0554469,0.006385,-0.0144467,0.0261511,2.03e-05
"rs10435814","C","T",-0.0149279,0.0388726,0.0004361,0.0209567,0.028104,0.003084,0.0195521,0.0170345,0.0007403
"rs10460960","A","G",0.0199058,0.0547343,0.02791,0.0247395,0.0329455,0.003999,-0.0227181,0.0224367,7.829e-06
"rs10491233","C","T",0.00308835,0.0282803,0.008865,0.0175975,0.0238399,0.002631,0.00311626,0.0139374,3.08e-05
"rs10496922","G","A",-0.0171018,-0.0123703,0.009971,0.0280322,0.0383303,0.004012,-0.000297495,0.0219497,3.09e-05
"rs10502129","G","T",0.0323759,0.00828823,0.008352,0.0230345,0.0310672,0.003424,0.0103156,0.0217687,0.0003738
"rs10510494","G","A",-0.0128198,-0.00500398,0.006441,0.0339647,0.0456399,0.004869,0.0177354,0.0307981,0.001737
"rs1057654","G","A",0.0144933,0.000347275,-0.01259,0.020108,0.027393,0.002953,-0.0148902,0.01587,0.000373
"rs10733682","G","A",-0.0159166,-0.0215475,-0.0109,0.0172087,0.0232708,0.002587,0.00819946,0.0135118,1.17e-05
"rs10735031","G","A",-0.0246528,-0.00951036,0.004053,0.0175492,0.023644,0.002608,-0.0134885,0.0141461,0.000917
"rs10735598","C","T",0.00276371,0.0068714,0.002618,0.0193926,0.0259615,0.002906,-0.0259967,0.015585,0.0005169
"rs10742752","C","T",0.00128845,0.0252571,0.01242,0.0176079,0.0232574,0.00261,-0.0149741,0.0135644,3.248e-07
"rs10751134","A","G",-0.0168961,-0.0228298,0.002058,0.01701,0.0229566,0.002584,0.0420296,0.0136028,0.0009019
"rs10771871","A","G",0.0277633,0.0420995,-0.001987,0.017662,0.0236572,0.002643,-0.0105268,0.0135323,0.0005615
"rs10800346","T","G",0.010532,-0.0334622,0.007224,0.0184422,0.0246974,0.00273,-0.0245155,0.0139817,0.0002176
"rs10807711","C","T",-0.0175012,-0.030549,0.01411,0.0219804,0.0295879,0.003413,0.00662249,0.0155445,0.0009096
"rs10827289","T","C",-0.013449,-0.00410243,-0.01198,0.0173547,0.023375,0.002586,0.0134007,0.0137925,0.003253
"rs10830956","T","C",0.00966316,0.0217413,0.01119,0.0188445,0.0249487,0.002804,1.75332e-05,0.0141841,0.000523
"rs10831495","A","G",-0.0276779,-0.016008,0.01379,0.0354089,0.0467669,0.005634,0.0151857,0.0227804,1.59e-05
"rs10835996","C","T",-0.0393423,0.00279293,0.002813,0.0215316,0.029088,0.003205,-0.0283978,0.018458,0.003119
"rs10840100","G","A",-0.00665892,-0.00793407,0.01791,0.0177723,0.0242356,0.002681,0.0124788,0.0140392,1.875e-08
"rs10841363","C","A",-0.00880443,0.0395588,-0.01001,0.0230046,0.0302454,0.00328,0.0330131,0.0213773,0.0001398
"rs10841767","G","A",-0.0212668,-0.0442096,-0.004885,0.0218034,0.0292022,0.003264,0.00326793,0.019931,0.0006398
"rs10844521","A","C",0.0470225,-0.00192878,0.02199,0.0373016,0.0514841,0.005433,0.0439424,0.0251384,0.0002622
"rs10846082","G","A",-0.0122808,-0.0301348,0.005876,0.0178393,0.0241793,0.002615,-0.00554807,0.0142346,0.002694
"rs10846664","G","A",-0.0183723,0.0268115,0.01931,0.0204372,0.0271716,0.002939,-0.0132762,0.0169854,1.839e-06
"rs10849582","G","A",-0.026858,-0.0717223,-0.0156,0.0173527,0.0234124,0.002587,0.0139049,0.0144893,8.793e-06
"rs10864361","C","T",-0.0257888,-0.0283791,0.01287,0.0176944,0.0234909,0.002632,-0.0217612,0.0145682,5.418e-07
"rs10866069","T","C",0.0340417,0.00838579,0.004344,0.0271422,0.0357475,0.003884,-0.00200622,0.0164728,3.048e-06
"rs10886017","A","C",0.0158882,0.0232641,0.0213,0.0192533,0.0260091,0.002967,-0.0157964,0.0156493,3.24e-05
"rs10897215","T","C",-0.0380218,0.00843486,0.004361,0.0167485,0.0226133,0.002546,0.00178653,0.0134377,0.0001687
"rs10900767","C","T",-0.0071474,0.00542838,-0.01703,0.0172048,0.0231919,0.002566,0.0107567,0.0135083,5.02e-05
"rs10918427","A","G",-0.0106045,-0.0134293,0.00111,0.0202813,0.027522,0.003004,0.0343383,0.016235,0.003249
"rs10920678","G","A",-0.0190361,-0.0388117,-0.01931,0.0172088,0.0230151,0.002566,-0.0015561,0.0134552,1.06e-05
"rs10926176","T","C",-0.00195053,-0.00853804,-0.005178,0.0171272,0.0231609,0.0026,0.0158697,0.0135011,2.98e-05
"rs10927841","C","T",-0.0160583,-0.0438228,0.007231,0.0192268,0.0258184,0.002959,0.00929519,0.0146892,0.0002755
"rs10929925","A","C",-0.00340926,0.00134713,-0.01377,0.0172641,0.0232493,0.002577,0.00391999,0.0133881,2.407e-08
"rs10938397","G","A",0.00740182,0.02433,0.03539,0.0174237,0.0235241,0.002571,0.00779597,0.0134498,1.874e-21
"rs10968122","T","G",0.00384618,-0.0403084,-0.0133,0.0169648,0.0227706,0.002551,0.0257311,0.0135456,0.0028
"rs10968577","T","C",-0.0067185,0.00259952,0.0325,0.0183237,0.0245189,0.002712,-0.00516147,0.0138486,1.464e-13
"rs10998754","T","C",0.0163737,0.032907,-0.001834,0.0176133,0.0235962,0.002658,0.00822983,0.0139639,8.29e-05
"rs11001029","A","G",-0.00910868,-0.0321352,0.02472,0.0275393,0.0366306,0.003877,-0.0566289,0.0268778,0.000776
"rs11015896","C","T",-0.0245791,0.00779724,-0.01207,0.0196843,0.0266236,0.003092,0.00263599,0.0158976,0.001379
"rs11016111","T","C",-0.00133037,0.0195573,-0.004913,0.0255255,0.0346922,0.003873,0.0267084,0.0214146,0.00111
"rs11025195","A","G",0.0385284,-0.06343,0.009254,0.0368055,0.0495631,0.005125,-0.0245856,0.036979,0.0006052
"rs11041364","G","A",-0.0202886,-0.0215787,-0.01325,0.0248565,0.033654,0.003724,-0.0117849,0.0208175,8.36e-05
"rs11051925","T","C",0.000397677,0.0454677,-0.01159,0.0204196,0.0276641,0.003117,-0.0164326,0.0145227,4.33e-05
"rs11055615","C","A",-0.027178,-0.014848,-0.01559,0.0459871,0.0615274,0.007993,-0.0100823,0.02635,0.0003696
"rs11065987","G","A",0.024484,0.0200798,-0.0127,0.0175113,0.0235109,0.002581,0.0364424,0.0137775,1.798e-07
"rs1109114","T","C",-0.020835,0.0218616,-0.006569,0.0169714,0.0224986,0.002569,0.0157798,0.0140244,0.000287
"rs11105389","A","G",0.0316321,-0.000635414,0.007565,0.0339991,0.0454922,0.004648,0.0756899,0.0332812,0.002076
"rs11131391","C","T",0.0169105,-0.00824151,-0.008679,0.0183731,0.0246953,0.002706,-0.0109912,0.014376,0.002176
"rs11134549","C","T",-0.0259353,0.00860473,0.01136,0.0171152,0.0228231,0.002572,0.00553737,0.0134583,7.257e-06
"rs11138270","T","C",0.0192384,0.00674246,-0.01202,0.0280791,0.037986,0.004218,0.00258895,0.0229345,0.0001319
"rs11153066","T","C",-0.0208225,-0.0486836,-0.01141,0.0172244,0.0229224,0.002611,0.00686438,0.0134515,0.0007647
"rs11153175","C","T",-0.0216621,-0.0094856,-0.00966,0.0182948,0.0243744,0.002707,0.00163063,0.0138947,0.0003168
"rs11167138","C","T",0.0161889,-0.00283089,0.01331,0.0169686,0.0228725,0.002549,0.00920786,0.0135333,0.0001278
"rs11201974","C","T",0.00929837,0.00935828,-0.01066,0.0222913,0.029801,0.003285,0.0196434,0.0169147,5.663e-06
"rs11224162","A","G",0.0395511,0.0228,0.003882,0.0227025,0.0302793,0.0034,0.011308,0.0175489,0.001887
"rs11225606","C","T",0.0216359,-0.0709809,-0.004399,0.0510716,0.0692691,0.007077,-0.0333173,0.0503775,0.0005125
"rs11237123","A","G",-0.0304732,0.00877272,0.001701,0.0216314,0.0297146,0.00323,0.00332305,0.0154012,3.137e-05
"rs1123943","T","C",0.00395703,-0.00213667,-0.00268,0.0174175,0.023561,0.002635,0.0144564,0.0139295,0.001811
"rs1158140","T","C",-0.0210911,0.00937111,-0.01242,0.0301569,0.0401116,0.004135,-0.0430802,0.0247627,0.0004641
"rs11629637","T","C",0.0147859,0.00388456,-0.00266,0.0171818,0.0229739,0.002593,0.0219148,0.0142415,0.0001025
"rs11632969","G","A",-0.00702473,-0.0059925,0.005239,0.0266092,0.0360567,0.003773,0.00327855,0.0226062,0.002451
"rs11633626","A","C",-0.00919927,0.0129808,-0.02046,0.0173192,0.0234903,0.002661,0.018404,0.0135061,4.2e-05
"rs11649422","A","C",-0.00810434,-0.0228716,0.0003063,0.0169554,0.0229314,0.002568,-0.0077097,0.0135221,0.001463
"rs11676272","G","A",0.0908864,0.0694552,0.03383,0.0168817,0.0227421,0.002542,0.00232309,0.01359,8.548e-23
"rs1167827","G","A",-0.0012329,0.0332695,0.025,0.0169968,0.0227268,0.002568,0.0348184,0.0134723,3.979e-07
"rs11686810","T","C",0.000745105,-0.0097158,-0.003764,0.0169041,0.0223052,0.002572,-0.0201901,0.0135132,3.305e-05
"rs11692794","T","C",0.00957566,0.0427538,-0.006587,0.0172338,0.0230837,0.00258,-0.0209655,0.0134509,0.0007062
"rs11727676","C","T",0.0030089,-0.013387,-0.01316,0.0307746,0.0420162,0.00431,-0.02799,0.0241491,1.29e-05
"rs1173242","T","C",0.00778133,-0.00876968,0.001624,0.0185412,0.0253462,0.002815,-0.00486422,0.0155925,4.834e-05
"rs11754747","T","C",0.0274762,0.0130774,0.01663,0.0191259,0.0259346,0.002935,-0.0263288,0.0165046,5.44e-05
"rs11778591","A","C",0.0208076,-0.00487281,0.001874,0.0299042,0.0395772,0.004342,-0.00368885,0.0190014,0.001694
"rs11807247","A","G",0.00431058,-0.0325389,-0.002421,0.0307849,0.0402689,0.004336,-0.00306832,0.0199863,0.00161
"rs11829157","A","C",0.00669259,0.0429389,0.01265,0.0170581,0.0227635,0.002559,-0.0223744,0.0134577,0.0001879
"rs11837901","C","T",-0.0701156,-0.00844486,-0.009869,0.0680254,0.0905796,0.01132,-0.0834217,0.0591414,9.954e-05
"rs11888473","C","T",-0.0221144,-0.0110776,0.01777,0.0169291,0.022689,0.002545,0.0234514,0.0134447,0.0001036
"rs11888889","A","G",-0.00958454,0.0090251,-0.004346,0.0194343,0.0262665,0.002921,0.0256182,0.0151425,0.0004979
"rs11924032","A","G",-0.0160362,-0.023312,0.02135,0.0193266,0.0257412,0.002913,0.0288342,0.0160696,1.022e-06
"rs1196067","G","A",0.00147134,-0.0264628,-0.003362,0.0191562,0.0255313,0.002751,0.00496636,0.0162085,0.001719
"rs11983202","T","C",-0.0245439,0.0411425,0.003585,0.0193347,0.0262182,0.002904,-0.0170886,0.0147869,0.001824
"rs12022100","A","G",-0.00405571,-0.0214424,0.000767,0.0206669,0.0277896,0.003083,-0.0325222,0.0180309,0.003043
"rs12042177","G","A",0.0463881,0.0470312,0.03044,0.0220853,0.0296742,0.003234,0.0108612,0.0148864,5.866e-06
"rs12049628","G","A",-0.0133564,0.0369536,-0.007153,0.0173383,0.0231496,0.002617,0.0228697,0.0136528,1.617e-06
"rs12055028","A","G",0.0339577,-0.00745735,0.01187,0.0182966,0.0245716,0.002761,-0.000336543,0.0162354,4.941e-05
"rs12057666","G","T",-0.0400872,-0.00630285,-0.008438,0.0373567,0.0502051,0.005025,0.00897874,0.0261283,0.0002409
"rs12062845","A","C",-0.0054168,0.0223239,0.02459,0.0199779,0.0268299,0.003093,-0.0223824,0.0147029,0.0003398
"rs12096993","T","C",-0.012938,0.0231631,0.006645,0.0196637,0.026467,0.002938,-0.00114252,0.014194,1.38e-06
"rs12132628","C","T",0.00542693,0.108577,-0.002806,0.0214887,0.0285652,0.003494,0.00474987,0.0167432,0.001281
"rs1214064","T","C",-0.0566555,-0.0384017,-0.003388,0.0177625,0.0237982,0.002637,0.00586736,0.0147083,7.97e-05
"rs1218577","C","T",0.0176416,0.00606917,0.001418,0.0178903,0.0241126,0.002646,-0.013705,0.013598,0.0002388
"rs12188833","T","C",-0.0161074,0.0443612,0.00547,0.0258159,0.0349438,0.003928,0.00748759,0.0189221,0.0001525
"rs12194370","A","G",-0.0291097,-0.011502,0.01962,0.0218801,0.0293982,0.003186,0.000933155,0.0213144,0.001093
"rs12200330","A","G",0.0071497,-0.0270479,0.009128,0.0179443,0.0242367,0.002703,-0.000610472,0.0139104,0.0002374
"rs12234841","G","A",-0.0361207,0.00920408,0.006997,0.0222287,0.0298018,0.00322,-0.030012,0.018313,0.0005577
"rs12286929","G","A",0.00881648,0.00858038,0.01795,0.0169008,0.0227849,0.00255,0.022764,0.0134508,9.281e-09
"rs12348644","T","C",0.0394797,0.0260564,-0.009191,0.0411008,0.0556673,0.007504,-0.0589248,0.0400149,2.103e-05
"rs12358492","A","G",-0.0113567,-0.0181137,0.0004029,0.0202605,0.0273468,0.003054,-0.00503644,0.015233,0.0002783
"rs12401511","C","T",0.0158537,0.0405268,0.02346,0.0243186,0.0322843,0.003805,0.0231435,0.0177646,0.0001768
"rs12402009","T","C",-0.0333065,-0.0656313,6.277e-05,0.0387292,0.0530291,0.005617,-0.0564246,0.0350071,0.002548
"rs12429545","A","G",-0.00846107,0.0268696,0.03133,0.0248519,0.033046,0.003824,-0.0446374,0.0193836,3.656e-11
"rs12439387","A","G",0.00013114,0.0333678,0.007929,0.0296114,0.039618,0.004321,0.0088461,0.0186004,8.763e-05
"rs12448257","A","G",-0.0199677,0.060569,0.01835,0.0213286,0.0287883,0.003112,-0.0152877,0.0183307,3.019e-06
"rs1247117","A","G",-0.00933933,-0.00168661,-0.01935,0.026534,0.0354956,0.00419,-0.0600023,0.0228396,3.472e-06
"rs12487771","C","T",-0.00166163,0.00035829,0.003832,0.0191987,0.0257888,0.003099,0.0151472,0.0152639,0.0008487
"rs12495178","C","T",0.00937877,-0.00309345,-0.02242,0.0176761,0.0237157,0.002658,0.000552631,0.013557,1.835e-11
"rs12519591","A","C",0.00983502,-0.00503506,0.01365,0.0223812,0.0297224,0.003619,-0.0137439,0.0175857,2.839e-06
"rs12521901","A","G",-0.0412924,0.00315545,0.01299,0.0176562,0.02394,0.002605,-0.0188528,0.0142111,2.14e-05
"rs12529995","G","A",-0.0129001,-0.0687299,-0.003024,0.0205191,0.0276035,0.003065,0.010558,0.0161841,1.01e-05
"rs12539486","T","C",-0.087368,-0.00526982,0.01572,0.0358693,0.0490251,0.004893,-0.0300816,0.0176303,0.001155
"rs12563385","A","G",-0.022743,0.00300561,0.00185,0.0440159,0.0601081,0.00652,0.0297741,0.0245754,0.001209
"rs12569936","G","A",0.0227263,-0.0344481,0.002641,0.0185816,0.0249331,0.00275,0.00963885,0.0142995,1.36e-05
"rs12584374","T","C",0.0229179,0.0383337,0.003089,0.0230781,0.031144,0.003368,-0.00170522,0.0187509,0.0001449
"rs12593036","G","A",0.00502317,0.0159691,-0.01338,0.0180591,0.024318,0.002774,-0.0287381,0.0149416,7.88e-05
"rs126049","A","C",-0.027722,-0.00858899,0.004767,0.0171538,0.0229795,0.002558,-0.0192882,0.013512,0.0004793
"rs12616076","G","A",-0.00187941,0.0133967,-0.01678,0.0233061,0.031034,0.003553,-0.0124445,0.0179924,0.002807
"rs1264202","C","A",-0.035421,-0.0282349,-0.003592,0.0176352,0.0237746,0.002601,-0.00212441,0.0138209,3.01e-05
"rs12661004","A","G",0.0985569,-0.000561974,-0.007463,0.0458599,0.0611752,0.007457,-0.0238163,0.0369272,0.0004533
"rs12681727","A","G",0.0111807,-0.0290013,-0.004042,0.0237825,0.0319704,0.003833,0.000486969,0.0205581,0.002696
"rs12693384","A","G",0.0020867,-0.0232676,-0.006602,0.0177017,0.0238302,0.002597,-0.0119356,0.0138637,0.001144
"rs12725848","C","T",-0.0140785,-0.00114012,-0.008723,0.0458259,0.0620612,0.007816,-0.017218,0.0295715,0.003255
"rs12732211","C","T",-0.00885104,0.00767203,-0.00352,0.0343542,0.0462538,0.005836,-0.00712334,0.0306155,0.002246
"rs12738136","A","G",0.0202496,-0.00275387,-0.01034,0.0210139,0.0283942,0.00305,0.0140328,0.0162658,0.001027
"rs12772817","G","T",0.0413306,0.0479189,-1.067e-05,0.0280262,0.038362,0.004278,-0.0142868,0.0209167,0.0009636
"rs12794284","T","C",-0.0494273,-0.075397,-0.007891,0.0242393,0.0322116,0.003706,-0.0367724,0.0213196,0.001969
"rs12821115","G","A",-0.0161268,0.00071607,0.002673,0.0264277,0.0354849,0.003857,-0.0102697,0.019302,3.87e-05
"rs12880708","G","A",0.0389227,0.018173,-0.01273,0.0169461,0.0230167,0.002576,-0.0191046,0.013863,0.00037
"rs12903066","C","T",-0.000983139,0.0411055,0.006199,0.0265184,0.035492,0.00432,0.000288188,0.019184,0.001108
"rs12908437","C","T",-0.008906,-0.0109048,-0.01196,0.017838,0.0242883,0.002653,-0.0295788,0.014062,0.00124
"rs12909300","G","A",-0.012015,-0.00220064,0.01678,0.0201166,0.0271646,0.002978,0.0148384,0.0180845,6.26e-05
"rs12912198","T","C",-0.0015188,0.0225538,-0.01125,0.018911,0.0252935,0.002829,-0.0158885,0.0152812,0.0001789
"rs13009491","T","C",0.00595293,-0.0170054,0.001385,0.0169698,0.0228651,0.002565,-0.00533505,0.0136072,0.0001195
"rs13028382","T","C",-2.2663e-05,0.00815977,-0.008859,0.0183301,0.024651,0.002779,-0.00754775,0.014569,0.002254
"rs13069244","A","G",0.0500435,0.0527059,0.02052,0.0342196,0.0451358,0.004863,-0.0189018,0.0319993,4.37e-08
"rs13075615","T","C",0.0300197,0.0218419,-0.02389,0.0241461,0.0324949,0.003566,0.0174681,0.0222735,2.64e-05
"rs13107325","T","C",0.0535276,0.0776722,0.06629,0.0398868,0.0548887,0.004848,0.0824214,0.0584988,8.982e-11
"rs13166460","A","G",0.0133617,0.0283706,-0.004563,0.0215667,0.0288843,0.003257,0.0344336,0.0173052,0.001049
"rs13168288","G","A",0.0069579,-0.0273741,-0.01408,0.0192449,0.0257882,0.003018,-0.0230451,0.0146754,0.0003254
"rs13191362","G","A",0.00136566,0.0190247,-0.02401,0.0247687,0.0329286,0.003854,-0.0138271,0.0280702,3.22e-09
"rs1319550","A","G",-0.00843385,-0.0157319,-0.007972,0.0176644,0.0237827,0.002651,-0.025086,0.0136142,1.13e-05
"rs13201877","G","A",-0.0450032,0.00722918,0.0141,0.0238378,0.0324603,0.003774,-0.0032575,0.018211,1.685e-06
"rs13208015","T","C",0.0110681,0.131349,0.01613,0.0413484,0.0565724,0.005547,-0.0388084,0.0335584,6.88e-05
"rs13209462","A","G",0.0438713,0.0274468,0.01479,0.0258996,0.0348344,0.003869,-0.0605665,0.0249377,5.88e-05
"rs13215297","A","G",0.0186769,0.00869072,-0.003108,0.0287477,0.0394175,0.004103,-0.0286943,0.021982,0.001794
"rs13225547","C","T",0.0196475,-0.0331619,0.002046,0.0192188,0.0258782,0.002889,-0.0229805,0.0154368,0.003024
"rs13228899","T","G",-0.0195552,0.0236192,-0.01111,0.0234749,0.0314355,0.003365,0.00498011,0.0198314,2.142e-05
"rs13236040","A","C",-0.0100183,-0.0342284,0.01619,0.0430463,0.0597514,0.00581,-0.0325376,0.0303835,0.0003124
"rs1323781","C","T",0.0106128,0.0240681,0.01416,0.0243434,0.0325706,0.003452,-0.00488843,0.0206729,0.00121
"rs13242586","T","C",-0.00327178,-0.0680277,-9.415e-05,0.0500027,0.066553,0.00669,-0.0517909,0.0583599,6.672e-05
"rs13245475","A","G",-0.0480177,-0.0973776,0.001502,0.0380171,0.0498422,0.005292,-0.0103646,0.0326079,0.0002349
"rs13253111","G","A",0.0439497,-0.0293992,-0.01207,0.0174046,0.0233945,0.002554,-0.00555909,0.0139812,4.128e-09
"rs13255263","T","C",-0.00493195,-0.0348418,-0.005148,0.0197458,0.0264376,0.002973,0.0254726,0.0161661,0.000554
"rs13269415","G","T",0.000925606,0.00471964,0.0004948,0.0205975,0.028079,0.003219,0.0160233,0.0171486,7.445e-05
"rs13281312","A","C",-0.0281886,-0.00144343,0.01431,0.0177081,0.0239082,0.002642,0.0191906,0.014589,0.001069
"rs13300381","T","C",-0.0204973,0.051208,0.005802,0.0371101,0.0506099,0.005464,0.0367382,0.0367662,0.001873
"rs13387838","A","G",0.0903551,0.0610869,0.02234,0.0738199,0.104146,0.008802,-0.0488732,0.0696978,2.395e-08
"rs13393260","C","T",-0.0111522,-0.0228912,-0.01144,0.0187866,0.0253342,0.002955,0.000766596,0.0146633,0.0003096
"rs13432160","C","T",0.00837177,0.037322,0.00229,0.0170675,0.0228511,0.002553,-0.0125916,0.0137517,0.0008574
"rs1345792","C","T",-0.0101503,0.00427796,0.001101,0.0171017,0.023256,0.002605,-0.0148714,0.0134489,0.0005019
"rs1360887","C","T",0.0216662,0.0319671,0.008851,0.0172947,0.023029,0.002593,0.020971,0.0135223,0.0002461
"rs1376726","G","A",0.0143062,-0.00764732,-0.0009701,0.020376,0.0271204,0.002986,-0.00508874,0.0147562,3.832e-06
"rs1379935","A","G",-0.000327613,-0.0377037,-0.008069,0.028089,0.0379734,0.003874,-0.00329275,0.0233687,0.0007648
"rs1397736","A","G",0.0259614,-0.019063,0.001981,0.0300715,0.0406935,0.004694,0.0412726,0.0308116,3.023e-05
"rs1399627","G","A",0.0271643,0.0247611,-0.003435,0.0175428,0.0235459,0.002678,0.00361126,0.0139486,6.58e-05
"rs1410040","G","A",0.00830526,0.0254591,-0.002267,0.0214368,0.0286046,0.003191,-0.00677566,0.0181896,0.0001658
"rs1411613","G","A",0.0137407,0.0119012,0.00435,0.0230966,0.0309499,0.003322,0.0115866,0.0166741,0.001363
"rs1421598","A","C",-0.0156701,-0.0761029,-0.02422,0.0225727,0.0307946,0.00344,0.0281907,0.0200277,2.185e-07
"rs1433006","T","C",0.0100816,-0.0102047,-0.007253,0.0171026,0.0228932,0.002574,-0.00439984,0.0137874,9.71e-05
"rs1441229","G","A",-0.00955708,0.00979122,0.006942,0.0264355,0.035435,0.003921,-0.0218356,0.017885,0.0004021
"rs1460676","C","T",0.000469373,0.00497149,0.01731,0.0227074,0.0307622,0.003518,0.0371544,0.016813,8.1e-05
"rs1471385","T","G",0.00118157,-0.0224245,0.01095,0.019729,0.0265297,0.002849,0.00992939,0.01522,0.0002096
"rs1472309","C","T",0.00350753,0.0486942,-0.0003149,0.0174183,0.023483,0.002618,0.00927887,0.0135362,0.0007615
"rs1490048","C","T",-0.00340436,-0.0209143,0.003698,0.0174095,0.0234878,0.002623,-0.0240454,0.0135447,0.001282
"rs1516725","C","T",0.024152,0.0189924,0.0435,0.0273818,0.0360581,0.003707,-0.00896952,0.0225275,7.559e-16
"rs1529671","A","G",-0.023495,-0.020704,0.004315,0.0469061,0.064355,0.006264,0.0114694,0.0375119,0.001343
"rs1534516","G","A",0.083107,-0.1005,-0.003849,0.073204,0.0999467,0.01105,0.00167093,0.0551774,0.0002511
"rs1545370","G","A",-0.0258504,-0.0304497,-0.005904,0.0182088,0.024759,0.002709,-0.00421822,0.015117,0.0002786
"rs1573972","C","T",0.0260129,-0.0298827,-0.002437,0.0185111,0.0249072,0.002752,0.0188063,0.0149555,3.781e-06
"rs1583528","T","C",-0.0225306,-0.0442328,-0.005999,0.0180587,0.0242012,0.00276,0.00486629,0.0146056,0.001208
"rs1593294","G","T",0.0147023,0.0223841,-0.009552,0.0221598,0.0294129,0.003412,-0.0133272,0.016732,0.0005735
"rs161936","A","G",-0.0112769,-0.0302273,-0.009609,0.0188657,0.0254566,0.002717,0.0296466,0.017743,6.71e-05
"rs166031","G","A",-0.00199932,0.00405389,-0.008142,0.0188496,0.0255029,0.002712,0.026483,0.0148276,0.003239
"rs1664781","A","G",-0.0193321,0.0117426,-0.009424,0.018307,0.0247195,0.002759,0.00375965,0.0142123,0.0004055
"rs1679195","C","T",-0.00702171,0.00609834,-0.0004288,0.017702,0.0236084,0.00267,-0.00157272,0.0137115,0.0002509
"rs16829012","G","A",0.0283353,-0.0432983,-0.007827,0.0351964,0.0473573,0.005144,0.0354753,0.0249025,0.001665
"rs1687230","T","C",-0.00400742,-0.0113871,-0.0082,0.0170941,0.0228449,0.002585,-0.0264463,0.0138013,1.69e-05
"rs16874441","A","G",0.0953064,-0.0553572,0.003933,0.0451236,0.0598711,0.006615,-0.00920958,0.0264568,0.0003637
"rs16875349","C","T",0.0299132,0.027624,0.001123,0.030295,0.0411015,0.004726,-0.0242716,0.0229523,0.0001192
"rs16884481","T","C",0.00515277,0.0753037,-0.01562,0.0531606,0.0711699,0.008676,-0.0264722,0.07456,0.001195
"rs16890858","A","G",0.00844526,0.0337014,0.0047,0.0206715,0.0280094,0.003402,-0.00542605,0.0149096,0.0007903
"rs16894736","T","C",0.003975,0.0605025,0.003938,0.0454925,0.0614769,0.006861,0.00371502,0.0392795,0.001117
"rs16907232","G","A",-0.0134976,0.0102049,-0.006279,0.0192852,0.0259509,0.002886,-0.0249968,0.014611,0.0001382
"rs16917237","T","G",-0.0316317,-0.0299481,-0.03938,0.0212142,0.0285423,0.003165,0.0277966,0.017963,4.365e-21
"rs16925920","G","A",0.0136944,-0.0554742,0.004529,0.0537744,0.069238,0.007448,0.052457,0.0470606,0.0001771
"rs16951275","C","T",-0.0350337,-0.00689088,-0.03775,0.020393,0.0271811,0.003039,0.00418294,0.0182242,1.308e-13
"rs16959792","T","C",0.000224058,-0.0541019,-6.353e-05,0.0274837,0.0377469,0.004309,0.0145562,0.0219025,2.306e-05
"rs1702119","C","T",0.00365632,-0.0185328,-0.01315,0.019215,0.0257381,0.002948,-0.0258996,0.0150767,0.001177
"rs17052333","A","G",-0.0201111,0.0135886,-0.0043,0.0340311,0.0452225,0.004608,0.0130548,0.029197,0.002805
"rs17055001","A","G",0.0304447,0.0551444,0.01667,0.0182315,0.0246761,0.002749,-0.00491643,0.014486,3.57e-05
"rs17058224","C","A",0.0432058,-0.0401279,-0.001891,0.0420087,0.0559008,0.006771,0.0521577,0.0434172,0.0001508
"rs17066998","T","C",-0.0184634,-0.0162606,-0.009233,0.0251489,0.0329425,0.003856,0.00328593,0.0211993,6.042e-06
"rs17069541","T","C",0.0139114,0.00132542,-0.002639,0.0569235,0.0730505,0.007915,-0.0132514,0.0326356,0.003091
"rs17079485","T","C",0.00319298,-0.0239139,-0.01139,0.023475,0.0314664,0.003557,-0.0260785,0.023267,0.0002273
"rs17086809","C","T",0.0453399,0.0189892,0.008039,0.0179351,0.0241288,0.002727,0.0163557,0.0135671,1.757e-05
"rs17122507","T","C",-0.0356859,-0.0601752,0.008133,0.0539786,0.0725677,0.008743,-0.0888643,0.0489335,0.0009762
"rs17138331","G","A",0.000173846,0.0276757,-0.00185,0.0262034,0.0355483,0.003939,0.00352264,0.0241374,0.0009977
"rs1713965","C","T",-0.0313834,-0.0612205,-0.004417,0.0301998,0.0404998,0.004391,-0.00939339,0.0286132,6.589e-05
"rs17153040","C","T",0.0239021,0.00311043,-0.00901,0.0249697,0.0340478,0.003759,-0.000589535,0.0185787,0.0002296
"rs17153823","G","A",-0.0388426,0.0144457,0.006776,0.0280883,0.0375329,0.004271,0.0119524,0.0265669,0.001876
"rs17162076","G","A",0.041979,0.0682622,0.000549,0.0296455,0.0392299,0.005127,-0.0225949,0.0217366,0.000252
"rs1717098","T","G",0.0155111,-0.0325091,-0.01018,0.0169844,0.0228366,0.00258,0.0086439,0.0135197,0.0002123
"rs17191250","A","G",0.0205159,-0.0925165,0.001003,0.0378686,0.0520659,0.005366,-0.0617037,0.0318006,0.0001702
"rs17203016","G","A",0.0281309,0.038033,0.01806,0.0211619,0.0281996,0.003179,0.0091985,0.0168183,0.0001267
"rs1724611","A","G",-0.0384881,-0.0354553,0.001606,0.019915,0.0267849,0.003302,-0.00484741,0.0185634,0.0007576
"rs17259853","C","A",-0.021849,-0.0100941,-0.002429,0.0194878,0.0262819,0.002961,-0.0100966,0.0159253,5.062e-05
"rs17269775","C","T",0.00344991,-0.0144257,0.0008544,0.0384601,0.0522981,0.005616,0.0486007,0.033498,0.00244
"rs17278154","T","C",0.0963135,0.0101913,-0.01431,0.0390115,0.0512439,0.00584,-0.0691504,0.0425701,0.0009402
"rs17336628","A","G",-0.0371792,0.0347972,0.01379,0.0292035,0.0390828,0.004424,-0.00957859,0.0213016,2.01e-05
"rs17356309","T","C",-0.00569576,-0.00289961,-0.0009907,0.0173331,0.0231287,0.00258,-0.0119559,0.0138272,0.002295
"rs17378274","C","A",-0.00106311,-0.00137806,-0.01664,0.017019,0.0227632,0.002572,0.000796743,0.0137,0.0003966
"rs17388532","T","C",0.0249596,-0.00820258,-0.001131,0.0248262,0.0338708,0.003494,0.000620694,0.0230117,0.002604
"rs17405819","C","T",0.00747531,-0.0180429,-0.02291,0.0184689,0.0246108,0.002785,-0.0103094,0.014857,5.726e-08
"rs17406900","G","A",-0.00668578,-0.0138172,0.01275,0.0170309,0.02288,0.002546,0.0180524,0.0136537,1.15e-05
"rs17440466","C","T",-0.00345602,-0.0396568,-0.009318,0.0229226,0.030995,0.003416,0.0234912,0.018366,0.001431
"rs17501615","A","G",0.017305,0.0143053,-0.008686,0.0182315,0.0244106,0.002697,0.0190859,0.0140137,0.001997
"rs17526457","T","C",0.0204915,0.109797,-0.01227,0.0565511,0.0784831,0.008301,0.00430542,0.0458097,9.26e-05
"rs17562524","C","T",-0.0528555,-0.0271329,0.003332,0.0303823,0.0406378,0.004335,0.0134741,0.0232573,9.648e-05
"rs17573940","G","A",0.00870516,0.0471956,0.01017,0.0190442,0.0260804,0.00278,0.00140268,0.0152404,9.16e-05
"rs17627501","T","C",0.00631732,0.0527468,0.009134,0.0169914,0.0227508,0.002585,0.00158107,0.0136884,0.0001613
"rs17636630","G","A",-0.0344558,0.0249225,-0.01335,0.0194714,0.0263061,0.003033,-0.0296778,0.0150145,2.566e-06
"rs17639782","G","A",-0.00998172,-0.0323199,-0.007225,0.0237369,0.0314974,0.003806,-0.00833424,0.0207855,0.0006572
"rs17691239","G","A",-0.00181267,0.0425844,0.01128,0.0190404,0.0255081,0.00289,0.016746,0.0142915,0.0003062
"rs17703275","C","T",0.039113,-0.0354549,0.01338,0.041913,0.0583228,0.006275,0.0188189,0.0370882,0.0005462
"rs17703797","C","T",-0.0317793,-0.0215861,-0.01206,0.0242645,0.0323138,0.003893,0.00816601,0.020148,5.14e-05
"rs17721948","G","A",0.0277297,0.0126245,-0.0138,0.0395145,0.0536224,0.006684,-0.00612611,0.032236,0.0006678
"rs17735690","C","A",-0.011795,0.00446416,-0.005667,0.0172176,0.0229541,0.002588,0.0310939,0.0135462,0.0004088
"rs17792419","C","T",-0.0629893,-0.0469392,-0.009361,0.0419347,0.0595185,0.008038,-0.0176271,0.0415585,1.987e-05
"rs17795306","G","A",0.00391563,0.0139499,0.006877,0.0178299,0.0237525,0.002639,0.0231164,0.0143789,6.389e-09
"rs17811647","C","T",-0.00629207,-0.0344988,0.0293,0.0479227,0.0634497,0.006765,0.0350601,0.0395282,0.0005192
"rs17817928","G","T",-0.00710383,-0.0101075,-0.004287,0.0198918,0.0265986,0.00301,-0.0223697,0.014813,0.0002349
"rs17833217","G","A",-0.0542214,0.037957,0.001557,0.0231898,0.0313994,0.003439,-0.0209341,0.0191455,0.0005183
"rs1796322","A","G",-0.0140404,-0.0116805,-0.004514,0.0174072,0.0235887,0.002621,0.00470844,0.014283,0.001788
"rs1810899","G","A",0.028151,0.0218653,8.676e-05,0.0167583,0.0225496,0.002544,0.00183154,0.0136116,3.463e-05
"rs1818146","A","G",0.0279709,-0.0454101,0.002369,0.0356206,0.0493438,0.00536,0.0186027,0.0241345,0.0002447
"rs1819844","G","A",0.0205251,0.0582804,-0.02005,0.0220398,0.0295337,0.003389,-0.0125294,0.0150578,0.0001514
"rs1827106","G","A",0.0040007,0.00276508,-0.001196,0.0175874,0.0237553,0.002638,-0.00827928,0.0135455,0.0002199
"rs1838856","C","A",0.00712061,0.0172409,-0.003546,0.0169042,0.0227801,0.00255,0.00718083,0.0135052,1.845e-06
"rs1860561","A","G",-0.0149933,0.0309785,0.01962,0.0197763,0.0262768,0.00302,0.0278916,0.0152966,0.0005335
"rs1864213","T","G",0.00551595,0.0306096,0.001824,0.0176319,0.0235838,0.00265,0.0171735,0.0144618,0.0003749
"rs1879724","T","C",0.0126984,0.00755134,-0.0001791,0.0175691,0.0236616,0.00264,0.0452401,0.0141449,0.0001111
"rs1881701","G","T",0.0397828,-0.00824421,-0.01624,0.053223,0.0726287,0.008737,-0.0368859,0.0374483,2.769e-05
"rs1883612","A","G",0.0101291,0.0216059,0.0002486,0.0170245,0.0227728,0.002554,0.00209714,0.0136053,0.0002988
"rs1922029","A","C",-0.0537561,-0.0372091,0.01014,0.0329934,0.0441053,0.005459,-0.0156361,0.0245405,0.001385
"rs1926787","A","C",0.00712511,0.0470365,0.005052,0.0191442,0.0257978,0.002924,-0.0208205,0.0149969,5.374e-05
"rs1928295","C","T",-0.00310602,-0.0359041,-0.00964,0.0170303,0.0228833,0.002569,0.00145637,0.0134206,3.778e-09
"rs1952852","G","A",-0.00343682,0.0261698,0.001169,0.0170184,0.0226263,0.002563,0.0264835,0.0134649,6.307e-05
"rs1954422","G","T",0.0136711,-0.00716517,0.006081,0.0179732,0.0240578,0.002687,0.0202963,0.0145321,0.00268
"rs1962543","C","T",0.0083869,0.0208603,-0.002097,0.0170016,0.0225764,0.002549,-0.0108041,0.0134113,0.0002579
"rs1965529","G","A",-0.00303298,-0.0175219,-0.01892,0.0218151,0.029288,0.003117,-0.0022024,0.0175887,0.0001092
"rs1976322","C","T",-0.00419899,0.0034611,0.01105,0.0233071,0.0313062,0.003654,0.027878,0.0187832,0.000535
"rs2000178","C","A",-0.00139341,-0.0121835,-0.007028,0.0177243,0.024075,0.002624,0.00777506,0.0166067,0.003027
"rs2010997","A","G",-0.0183689,0.0115497,-0.01764,0.0172123,0.0229398,0.002571,-0.0285414,0.0134339,5.25e-05
"rs2024266","T","C",-0.0255077,0.0217629,-0.003734,0.0170795,0.0228101,0.002569,-0.0160403,0.0135798,8.87e-05
"rs2035935","G","A",0.0738753,0.0550482,0.04535,0.0357787,0.047227,0.005101,-0.0111992,0.0312363,1.679e-11
"rs2051772","A","G",0.0243014,0.0303308,0.01487,0.0174101,0.0233225,0.002625,0.0054552,0.0135058,5.939e-07
"rs2059875","G","A",-0.02582,0.00849072,0.008425,0.0171408,0.0231461,0.002589,-0.000523162,0.0135017,0.0006534
"rs2064302","A","G",0.0124149,0.0556319,-0.006131,0.0447681,0.058883,0.006781,0.00427265,0.0288922,0.003047
"rs2073157","A","G",0.00624576,-0.0235197,0.00649,0.0190038,0.0253794,0.002806,-0.0108614,0.0161108,4.489e-05
"rs2090409","A","C",0.0276347,0.0202629,0.009696,0.0178455,0.0238442,0.002744,-0.000820335,0.0141936,3.834e-06
"rs2099613","T","C",-0.01138,-0.00439564,0.004487,0.0188382,0.0253692,0.00288,0.000861273,0.0139239,0.001264
"rs2105808","C","A",0.0420498,0.0377021,0.01342,0.0183086,0.0246026,0.002692,0.00778757,0.0152498,3.68e-05
"rs2112347","G","T",-0.00844347,-0.0391836,-0.03646,0.0177893,0.0241025,0.002656,0.0374382,0.0135972,2.089e-12
"rs2119264","A","G",0.0314735,-0.0400016,-0.01127,0.021236,0.0287395,0.00306,0.00816385,0.0158863,0.0003761
"rs2120676","T","C",-0.0144968,-0.0415796,-0.002904,0.0187699,0.0252228,0.00285,-0.0114159,0.0139603,0.003121
"rs2130067","A","C",-0.0552503,-0.0452296,0.0004384,0.0341419,0.0461415,0.004937,-0.019051,0.0332251,0.001694
"rs2150527","A","G",-0.0189184,-0.0398229,-0.01468,0.020814,0.0283236,0.00313,0.00274846,0.0150017,0.002584
"rs217570","C","T",-0.008619,0.0141763,0.01441,0.0237271,0.0322762,0.003482,0.00821374,0.0241163,3.71e-05
"rs2187449","A","G",-0.0155547,0.0285935,0.02151,0.0206268,0.0271995,0.003027,-0.000989909,0.0207093,0.0003547
"rs2190048","C","T",-0.037442,-0.0196761,0.003432,0.0179717,0.0242855,0.002709,0.00216866,0.0141837,0.0002755
"rs2194726","T","C",0.0246232,0.0309005,-0.01552,0.0345905,0.0468414,0.004707,-0.0148747,0.0206578,8.25e-05
"rs2196072","G","A",0.0266787,0.00555521,-0.0004654,0.0169733,0.0227513,0.002564,0.00454722,0.0136363,0.0001479
"rs2205260","C","A",0.00240613,0.0213526,0.01635,0.0220243,0.0294678,0.003415,-0.00109067,0.0180326,0.002655
"rs2209702","T","C",0.0540018,-0.0127094,0.01809,0.0512467,0.069551,0.007705,-0.0274557,0.0560916,0.000235
"rs2213253","G","A",-0.00767951,-0.0259223,-0.00235,0.0186331,0.0250907,0.002824,-0.00935209,0.0143783,0.0001956
"rs2219261","C","T",0.0173025,0.0141309,-0.001119,0.0229673,0.0307987,0.003159,0.0156104,0.0186354,0.001632
"rs2239015","T","C",-0.00179208,-0.0122911,-0.009221,0.0181996,0.024436,0.00272,0.0357908,0.0145614,0.002655
"rs2240026","A","G",0.0181319,-0.00586853,0.01528,0.0345755,0.0466327,0.00544,0.0544579,0.0381311,0.00014
"rs2245368","T","C",-0.046412,-0.0195175,-0.02242,0.0222676,0.0299373,0.003404,0.0247669,0.0164692,1.654e-10
"rs2247538","T","C",-0.0162012,-0.0220399,-0.01284,0.0184666,0.0248588,0.002746,0.00501952,0.0172863,0.0002467
"rs2258447","C","T",-0.00651406,0.000715976,-0.001213,0.0326166,0.0437289,0.004483,-0.00223212,0.0210454,7.369e-05
"rs2259307","T","C",-0.0202992,0.0271485,-0.000562,0.0292544,0.0385026,0.004338,0.0263122,0.0213014,0.001147
"rs2267958","A","G",0.0157571,-0.0519451,-0.01606,0.0168845,0.0225956,0.002598,-0.00173599,0.0135329,0.0001813
"rs2271189","A","G",0.00514633,-0.00531239,-0.01874,0.0172568,0.0231562,0.002597,-0.00834352,0.0137626,0.000714
"rs2275426","A","G",-0.00409058,0.0156698,0.01107,0.0172639,0.0231007,0.002565,0.0193732,0.0135929,9.09e-07
"rs2282038","A","G",-0.00731503,-0.00536835,0.001089,0.0235826,0.030996,0.003625,0.0101872,0.0158549,0.0009131
"rs2289594","A","G",0.00969383,-0.0482349,-0.0007702,0.048,0.0655347,0.006834,0.0737915,0.043177,0.0002233
"rs2309246","T","C",0.0138427,0.00183312,0.004556,0.0173174,0.0233139,0.002647,-0.00356331,0.0134164,0.000974
"rs2311336","T","C",0.00647379,-0.0234385,-0.006506,0.0177596,0.0239478,0.002691,-0.00322983,0.0140245,0.0003741
"rs2332027","A","G",-0.00310571,-0.0118495,-0.003836,0.0169108,0.0227595,0.002545,-0.0121122,0.0138328,0.0004653
"rs2345624","G","A",-0.00421144,-0.0191618,-0.007746,0.0171469,0.0229059,0.002559,-0.0199114,0.0138531,0.002243
"rs2358954","G","T",-0.0263176,0.00696174,-0.00322,0.0183122,0.0248452,0.00274,-0.0215625,0.0151114,6.247e-05
"rs2365389","T","C",-0.00244062,-0.0708578,-0.02027,0.017154,0.0229724,0.002594,0.016359,0.0135218,5.122e-15
"rs2381630","A","G",-0.0101612,0.0453281,0.004558,0.0182592,0.024509,0.002709,-0.0142335,0.0145476,0.0005015
"rs2383449","C","A",0.00920877,0.00855369,-0.001793,0.0226552,0.0305221,0.003351,-0.00462595,0.0164814,7.229e-06
"rs2384516","C","T",-0.00889299,0.00886534,-0.003056,0.0170326,0.0229529,0.002575,-0.00223785,0.0135402,0.0003384
"rs2406370","G","A",-0.00897587,-0.0140874,0.003868,0.0169277,0.022925,0.002551,-0.00754077,0.0135172,0.0004573
"rs2415257","T","C",-0.0170036,-0.000257414,0.008267,0.0210261,0.0281516,0.003213,0.0105574,0.0153803,0.0008305
"rs2438302","G","A",-0.027145,-0.0155256,0.001561,0.0179167,0.0238602,0.002732,0.0219258,0.0151953,7.383e-05
"rs2465043","A","G",0.00910672,-0.0215231,-0.01635,0.0173993,0.023405,0.002678,0.0156299,0.0138293,2.794e-07
"rs247011","A","G",-0.048053,-0.0104494,0.01419,0.0203725,0.027206,0.003226,0.00987171,0.0155417,0.0001509
"rs2470433","A","G",0.0464262,-0.00719829,0.01398,0.024601,0.0326418,0.00351,0.0119551,0.0182183,0.0001313
"rs2476522","C","T",0.00481594,-0.00531218,-0.004119,0.0209321,0.0279012,0.003062,-6.88532e-07,0.0189755,0.001511
"rs2481665","C","T",-0.0109149,-0.0321984,-0.02039,0.0169487,0.0226955,0.002559,0.012201,0.0139772,3.546e-08
"rs2543059","T","G",-0.0415515,-0.0181497,-0.003308,0.0187209,0.025351,0.00274,0.00254583,0.0146918,1.61e-05
"rs2546194","G","A",-0.0258683,-0.0103978,0.004746,0.0192335,0.0259386,0.002929,-0.0101789,0.0137337,0.001767
"rs2597623","A","C",0.0414011,0.00692854,-0.01126,0.020236,0.0273775,0.003094,0.0157956,0.0186383,0.0004498
"rs2599586","G","A",-0.0281951,-0.00953047,0.002419,0.0171799,0.0231758,0.002566,-0.00410972,0.0135782,0.0001874
"rs2605603","A","G",0.014413,0.0214819,-0.0134,0.0168626,0.0228077,0.002551,-0.00299063,0.0134145,0.000127
"rs2618000","T","G",-0.00661008,-0.0395251,0.01268,0.054457,0.0747509,0.007594,0.00501181,0.0548924,0.001007
"rs2630629","T","C",-0.0127255,-0.012538,0.002054,0.0227991,0.0301691,0.003439,0.00809799,0.0168349,0.002068
"rs2711612","G","A",0.0257673,0.00397106,-0.0004252,0.0293751,0.0401171,0.004552,-0.0271819,0.0207507,0.001461
"rs2713734","T","C",0.0747078,0.0805207,0.006771,0.026859,0.035875,0.003887,0.01041,0.0199332,1.53e-05
"rs2720544","T","C",0.000744696,-0.020357,-0.006672,0.0169066,0.0224996,0.002593,0.0205651,0.0135544,0.001885
"rs2776895","T","C",0.0228893,0.0160405,0.0041,0.0525762,0.0727639,0.008604,0.0226032,0.0476832,0.001756
"rs2777772","G","T",-0.032405,0.0266805,-0.006771,0.0190576,0.0258169,0.002888,-0.0185574,0.0176078,0.0003258
"rs2790063","A","G",-0.0283126,-0.0411113,-0.01652,0.0173018,0.0233536,0.002628,-0.000995115,0.0147983,0.0001251
"rs2797623","A","G",0.00157745,0.0145114,0.001857,0.0171155,0.022935,0.002548,0.0172346,0.0137987,0.0002204
"rs2814501","A","G",-0.0143398,0.00738398,-0.001642,0.0191244,0.0258687,0.002929,0.019584,0.016346,0.0004717
"rs2819275","C","T",-0.0580709,0.0078313,-0.007428,0.0297848,0.0397,0.004035,0.00765355,0.019482,0.002129
"rs2820292","C","A",0.00705318,0.0190573,0.02419,0.0171109,0.0229624,0.002568,-0.00739326,0.0135077,6.264e-12
"rs2886070","A","G",0.00425811,0.0109259,0.01374,0.017628,0.0235489,0.002641,-0.012982,0.0137986,7.258e-06
"rs2886722","G","A",0.0225098,-0.0180139,0.003045,0.0173131,0.0233129,0.002604,0.0079226,0.0138607,5.12e-05
"rs2907948","A","G",-0.00776953,-0.00219923,-0.022,0.020154,0.0270097,0.002945,0.00916955,0.0179632,8.01e-05
"rs2915507","C","T",-0.0328458,0.0210554,0.002102,0.0605293,0.081172,0.0114,0.0106658,0.0378117,0.001875
"rs2958638","C","T",-0.0148015,-0.0287228,-0.009749,0.0218481,0.0295256,0.003184,0.0191393,0.0168577,0.0005198
"rs2965087","C","T",-0.0154017,-0.0419856,0.002827,0.0182483,0.0244697,0.002741,-0.0165678,0.0137765,0.001357
"rs2968487","T","C",0.0282702,0.030768,0.01697,0.0193042,0.0263896,0.002822,-0.0451521,0.0155945,1.759e-09
"rs2968990","T","C",-0.000331202,-0.0351257,-0.009719,0.017879,0.0240056,0.002655,-0.00615373,0.0142275,1.669e-06
"rs2972707","C","T",0.0119627,0.0126062,0.0001917,0.0176626,0.0238825,0.002603,0.00510029,0.0142928,7.303e-06
"rs2974135","T","C",-0.0116892,0.0383433,0.00334,0.0195908,0.0262017,0.002952,0.00806896,0.015043,0.0005895
"rs2986643","A","G",-0.010087,-0.0252094,0.008515,0.0199551,0.0266877,0.003087,-0.0106673,0.015389,2.209e-06
"rs3006589","G","A",0.172752,0.0349919,-0.007965,0.080726,0.107939,0.01143,0.0775806,0.0540293,0.0008214
"rs3006640","G","A",-0.0463241,-0.00215673,-0.008007,0.0181482,0.0244543,0.00268,-0.00536883,0.0151468,0.0001426
"rs30731","T","C",-0.0188822,-0.0322733,-0.01509,0.0197939,0.0266722,0.002902,-0.020783,0.0151871,4.84e-06
"rs3105752","G","A",-0.00381999,-0.0217369,-0.008039,0.0168573,0.0226574,0.002544,-0.0170191,0.0134078,3.32e-05
"rs3117972","C","T",0.0542749,-0.0105457,-0.006013,0.0312746,0.0414522,0.004489,0.023707,0.0270602,0.0001201
"rs3118040","A","G",-0.0306604,0.00673332,0.003282,0.0169705,0.0228137,0.00258,0.02453,0.0134539,0.001402
"rs3127553","A","G",0.0198515,0.00374712,-0.01947,0.0177521,0.0236831,0.002639,0.00732876,0.0138343,2.14e-08
"rs330921","A","G",-0.0193669,0.0154013,0.02079,0.0207537,0.0275739,0.002828,0.0283449,0.0158662,0.0001412
"rs33517","A","G",0.020034,-0.0329333,-0.006135,0.0186251,0.0248963,0.002822,0.0124637,0.0149001,0.0005214
"rs337637","A","G",-0.034319,0.00480198,-0.01155,0.0175464,0.0234357,0.002627,-0.026297,0.0138778,3.04e-05
"rs349332","T","C",0.015917,-0.0191922,-0.02012,0.0230968,0.0305389,0.003286,-0.0111099,0.0194155,0.001428
"rs3736485","G","A",0.0136735,0.0472014,-0.01379,0.0170921,0.0229681,0.002562,0.00570512,0.0136416,4.391e-06
"rs3737220","A","C",-0.0168685,-0.0190056,0.004195,0.0205762,0.0274028,0.003181,0.0158373,0.0162929,0.0007732
"rs3741621","C","T",-0.018209,-0.00042993,0.003172,0.0180937,0.0242248,0.002691,-0.00189746,0.0139601,9.709e-06
"rs3753898","G","A",0.00665793,-0.0442305,0.0009743,0.0201961,0.0272939,0.003088,0.00943483,0.0162579,0.002839
"rs3772213","T","C",0.0138492,-0.017285,-0.02215,0.0274506,0.0367858,0.004511,-4.28003e-05,0.0192512,0.0004956
"rs3783890","C","T",0.0117503,0.00257086,-0.01745,0.0218906,0.0293915,0.00328,-0.0195548,0.0169174,5.827e-06
"rs3796432","T","G",-0.0110457,0.00576572,-0.01573,0.0175774,0.0238126,0.002651,-0.0118007,0.0144454,0.0008039
"rs3809529","T","C",-0.0221892,-0.0138524,0.008666,0.0179998,0.0240453,0.002744,0.00329503,0.013768,0.0003467
"rs3817334","T","C",0.00953592,0.0197219,0.03176,0.0172878,0.0232902,0.002585,0.0204074,0.0137362,2.328e-11
"rs3829849","T","C",0.0194965,0.0140318,0.0109,0.0180151,0.0243362,0.002635,0.0103021,0.0138628,1.457e-06
"rs3843671","A","G",0.0207376,0.0344523,0.003252,0.0191614,0.0257458,0.002918,-0.000650787,0.0149545,0.001693
"rs3843919","A","G",-0.00407105,-0.00633414,0.000143,0.0171069,0.0229721,0.002702,0.00464485,0.0136881,0.002227
"rs3862611","A","G",-0.0135531,-0.0245264,-0.002863,0.0204811,0.027388,0.003182,0.00864059,0.0141267,0.0002889
"rs3886585","A","G",0.00171322,0.0350697,-0.003022,0.0198122,0.0268727,0.003066,-0.0064892,0.014775,0.0004404
"rs3897299","C","A",-0.0189345,0.0232647,0.002292,0.0169527,0.0229343,0.002553,-0.0256805,0.0134709,0.0002811
"rs3914628","C","T",-0.0292723,0.0106418,-0.01903,0.0241589,0.0322322,0.00362,0.00509516,0.0177986,0.0003948
"rs3935695","C","T",0.0190364,0.017692,-0.004384,0.0222858,0.0297855,0.003219,0.000200385,0.0162968,0.001325
"rs3935821","T","C",-0.00571527,0.0340035,0.01181,0.0174066,0.023283,0.002581,0.00917068,0.0141931,0.0001342
"rs3935838","C","T",0.0223216,-0.0158165,0.006253,0.0171393,0.0231433,0.002551,-0.00668445,0.0135344,0.00198
"rs40336","C","T",-0.00394621,0.0046623,0.002348,0.0170182,0.0232236,0.002601,0.00958348,0.0135737,0.003184
"rs408109","T","C",0.000498185,-0.0150088,-0.00329,0.0183478,0.0244651,0.002795,0.00360392,0.014752,0.0006601
"rs42243","C","T",0.00448212,0.00240351,0.01778,0.0242119,0.0328532,0.003638,-0.0179482,0.0171045,0.000532
"rs4233611","G","A",-0.0159281,-0.0238476,-0.004351,0.0185675,0.0247017,0.002726,-0.0123141,0.0165272,0.003088
"rs4238202","G","A",0.00576726,0.000671273,0.01622,0.019014,0.0258207,0.002916,0.0203691,0.0183689,0.001533
"rs4279601","A","C",-0.0196503,-0.0377002,-0.006863,0.0170499,0.0228593,0.002554,-0.0120065,0.0134243,0.0007209
"rs4281911","T","C",-0.010446,0.00276492,0.01244,0.0174965,0.0234544,0.002708,-0.0293198,0.0135944,6.34e-05
"rs4289675","T","C",0.0217951,-0.0284578,0.01142,0.0196937,0.0263144,0.002868,0.000632495,0.0149386,0.0005138
"rs4327706","G","A",-0.00355786,-0.0123797,-0.01444,0.0645151,0.0858373,0.008311,0.0236236,0.0560927,0.002775
"rs4369393","T","G",-0.0049553,0.0434209,0.00255,0.0169421,0.0228514,0.002555,0.00568069,0.0135105,0.0001969
"rs4389974","C","A",-0.017704,-0.0440982,0.01035,0.0170368,0.0231683,0.002558,-0.0184769,0.0134027,2.26e-05
"rs439863","G","A",-0.00243309,-0.0392181,-0.0007926,0.0175602,0.0235075,0.002803,-0.00187493,0.0138532,0.002726
"rs4451553","T","C",-0.00408842,-0.0190978,-0.002139,0.0181581,0.024313,0.002684,-0.0216792,0.0140995,2.64e-05
"rs4498364","T","C",0.0178254,-0.0191623,-0.01672,0.0178934,0.0240598,0.002739,0.00818406,0.0141881,1.934e-06
"rs4532349","G","A",-5.25176e-05,-0.0408693,-0.0152,0.020589,0.0279803,0.002992,-0.0339372,0.017577,0.001584
"rs4538956","T","G",-0.0268938,-0.0043711,-0.009658,0.0179459,0.0241704,0.002795,-0.0142946,0.0142072,0.002537
"rs4552587","T","C",0.00418994,-0.0164691,0.006714,0.0189393,0.0255128,0.002804,0.0158306,0.0150199,5.28e-05
"rs4569924","C","T",-0.00332825,-0.0665105,-0.0143,0.0171627,0.0232975,0.00257,0.0114074,0.0137161,4.056e-07
"rs4577259","G","A",-0.0222411,0.0134195,0.009094,0.0169186,0.022603,0.002562,0.0324813,0.0137402,6.081e-06
"rs4577313","A","G",0.0119861,0.00696643,0.02056,0.0201992,0.0268972,0.002942,-0.00796731,0.0158202,1.65e-05
"rs4589198","A","G",0.0243428,-0.00651346,-0.004152,0.0180051,0.0240477,0.002725,-0.0206534,0.0137525,0.002668
"rs4649447","T","C",-0.0299182,-0.0695285,0.001636,0.0277737,0.0371339,0.004009,-0.00862713,0.0188597,0.0002465
"rs4655165","A","G",-0.00590699,0.0212074,-0.0006195,0.0170941,0.0228645,0.002588,-0.00303145,0.0136683,0.002791
"rs4657175","G","T",0.0108521,0.0213801,0.005472,0.0198807,0.0268214,0.00311,-0.00342987,0.0147831,0.001024
"rs4658403","T","C",-0.0123204,-0.0589312,-0.02817,0.0245411,0.0327884,0.003427,0.0123691,0.0174897,0.001941
"rs4666371","T","G",0.0254548,0.0324313,0.007022,0.0305951,0.0415254,0.004831,-0.0159435,0.0224717,0.0033
"rs4671328","G","T",0.0233834,-0.00537662,-0.02724,0.0171932,0.0229896,0.002579,-0.00455744,0.0136855,1.747e-07
"rs4678408","G","A",-0.00590061,-0.00820376,-0.001231,0.0174839,0.0235626,0.002654,0.0368975,0.0140349,0.001211
"rs4690087","G","A",0.00786754,-0.0163255,0.004736,0.0353773,0.0479117,0.005664,-0.0259687,0.0321854,5.393e-06
"rs4693236","A","G",-0.00894424,-0.000577421,0.01083,0.0168814,0.0224209,0.002544,-0.00727908,0.0134337,6.96e-05
"rs4701574","G","A",-0.0277359,0.0128171,0.01727,0.0273717,0.0364488,0.00403,0.00782996,0.0230612,6.22e-05
"rs4705158","C","T",-0.0153431,0.0487144,-0.003692,0.0262707,0.0352272,0.00396,0.0126583,0.0210486,0.0001848
"rs4712090","C","T",0.000669659,-0.00120102,0.006945,0.0178159,0.0239461,0.002664,-0.00129037,0.0144848,4.056e-06
"rs4727480","G","A",0.00535562,0.00802867,-0.01216,0.016884,0.0226821,0.002553,0.00367907,0.0136755,0.0005058
"rs4738873","G","A",0.0291341,0.00934528,-0.01904,0.0226626,0.0300333,0.003556,-0.0128202,0.0142739,7.279e-06
"rs4740619","C","T",-0.0283369,-0.0106172,-0.02474,0.01701,0.0227882,0.002559,0.00283628,0.0134319,4.4e-06
"rs4755726","G","T",-0.00846056,0.00608221,-0.03153,0.0185002,0.0246963,0.002754,-0.021867,0.0145702,3.875e-07
"rs4760933","G","A",0.024141,-0.0367252,-0.01054,0.0223478,0.0298122,0.003361,-0.00781269,0.0187445,0.002268
"rs4765234","C","T",0.0855647,0.156258,0.003016,0.0450627,0.0612167,0.006225,0.0474469,0.034478,0.001178
"rs4768735","G","T",-0.0243246,0.00464945,0.006215,0.017283,0.0231035,0.002581,0.0124295,0.0134596,5.262e-07
"rs478294","A","G",-0.00686978,0.0335582,-0.01374,0.0223144,0.029961,0.003157,0.00602735,0.0160061,0.0003546
"rs484594","A","G",-0.0107,-0.00737264,-0.008996,0.0231312,0.031397,0.003408,0.0244696,0.018934,2.76e-05
"rs4849838","A","G",-0.00821863,-0.0108417,0.004097,0.0171595,0.0229266,0.00258,-0.00721156,0.0134788,0.0002239
"rs4850303","G","T",0.0143237,0.00842791,-0.00411,0.0249532,0.0341,0.003851,-0.0137498,0.0182244,0.001219
"rs485789","T","G",0.0132879,0.00841826,0.006959,0.0171463,0.0229593,0.002574,0.01131,0.0138755,1.202e-05
"rs4857968","A","G",-0.0224263,0.00442885,-0.01658,0.0189599,0.0250931,0.002845,-0.000919252,0.0157063,1.36e-05
"rs4859933","C","A",0.0010651,-0.00962889,-0.003978,0.0169442,0.022868,0.00255,-0.0191013,0.0134773,0.0008631
"rs4864553","A","G",0.00548278,0.00367858,-0.00501,0.0170788,0.022859,0.002632,0.00607032,0.0138672,3.115e-05
"rs4867750","C","T",0.000651039,0.0186804,0.00333,0.0193884,0.0264221,0.002811,-0.00987844,0.0171069,0.001672
"rs4870949","C","T",-0.106816,-0.0541226,0.001869,0.0571386,0.0764696,0.007442,-0.0306548,0.0353026,3.127e-10
"rs4883853","C","T",-0.00686872,0.00938035,-0.0005976,0.0177279,0.0237914,0.002644,0.00904022,0.0142309,0.0004961
"rs4886111","G","A",-0.0172719,-0.0592322,-0.005837,0.0238162,0.0317021,0.003396,0.00390313,0.0201404,0.0001085
"rs4894828","T","C",-0.0241975,0.039315,0.009461,0.0201137,0.0271884,0.003118,0.00240688,0.0159294,0.001419
"rs4899376","C","T",0.00774914,0.0236153,0.01483,0.0223588,0.0301988,0.003358,0.0252835,0.0172186,5.23e-05
"rs4904931","C","T",-0.0274229,-0.0950489,-0.02728,0.0983904,0.127066,0.01854,0.00929742,0.0313683,1.935e-05
"rs4951231","A","G",0.0303717,0.00648158,0.0006774,0.018483,0.0245997,0.002729,0.00453823,0.0145658,0.0003287
"rs4957841","T","G",-0.00633481,-0.0197153,0.0026,0.0229199,0.0306785,0.003312,-0.0243267,0.018822,0.0001672
"rs4958556","A","G",0.0847979,-0.00658675,0.004676,0.0327788,0.044408,0.005192,-0.0206707,0.024864,0.001253
"rs4964802","T","G",0.0340471,0.000895348,-0.005643,0.0215137,0.0287291,0.003354,0.0106093,0.0146751,0.001374
"rs4973070","T","C",0.0174446,0.00362407,-0.01018,0.0193326,0.0261207,0.002863,-0.0150785,0.0149685,3.96e-05
"rs4981693","A","G",-0.0126369,-0.0210081,0.02834,0.0193602,0.0258626,0.003038,-0.00813117,0.0142492,9.696e-07
"rs500161","T","C",0.0408417,-0.0269258,0.007158,0.0171636,0.0229019,0.002544,0.0167473,0.0136343,0.001103
"rs501596","G","A",-0.0172625,0.0247645,-0.008994,0.0177528,0.0238799,0.002649,0.00943304,0.013653,0.0004212
"rs508577","A","G",0.0460448,0.0261991,0.004298,0.0216718,0.0292634,0.003335,0.00565227,0.0143233,0.000575
"rs520028","G","A",-0.012612,-0.0196301,-0.0005362,0.0170818,0.0229974,0.002549,-0.019993,0.0134254,0.0001128
"rs524458","C","T",0.0218148,0.0175977,-0.01215,0.0236163,0.0320801,0.003528,0.00979156,0.0179592,0.0002423
"rs526397","G","T",-0.0065403,0.0367236,-0.003585,0.020905,0.028267,0.00315,-0.0322194,0.0174256,6.406e-05
"rs534668","A","G",0.00791891,0.0199934,0.008574,0.0180141,0.024253,0.002817,0.00402401,0.0135522,1.94e-05
"rs543874","G","A",0.0158559,0.0673978,0.05877,0.0200982,0.0275307,0.003139,-0.0713881,0.0177099,7.391e-29
"rs561136","T","C",-0.00709807,-0.0344892,-0.01997,0.0247166,0.0333894,0.003677,0.000308397,0.0214592,0.0004491
"rs563002","C","T",0.0148032,0.0140551,0.02044,0.020556,0.0275313,0.00314,0.00685138,0.0153156,0.0002569
"rs5743248","G","A",-0.0649736,-0.135854,-0.01082,0.0489583,0.0649535,0.00675,0.0158967,0.0344499,0.0007646
"rs574692","A","G",-0.00696406,0.0199153,-0.001355,0.0220347,0.0294192,0.003392,-0.0167635,0.0178761,0.002206
"rs585160","T","C",-0.00770949,-2.06949e-05,0.0003266,0.0204626,0.0275203,0.00302,0.00251571,0.0167633,0.0004794
"rs587271","T","C",0.0115689,0.0834455,0.01614,0.0182758,0.0241607,0.002863,-0.0248754,0.0144742,0.0003675
"rs588124","A","C",0.0232987,0.0327856,0.002915,0.0170266,0.0229598,0.002557,-0.00514713,0.0136919,2.358e-05
"rs598359","A","G",0.0262458,-0.0380694,-0.007093,0.0178207,0.0239506,0.002651,-0.0145524,0.0141963,0.0008656
"rs607987","A","G",0.00597909,-0.0103469,-0.0137,0.0174854,0.0234432,0.00262,-0.0250504,0.013864,5.2e-05
"rs629760","C","A",0.0381944,0.027453,0.002221,0.0231893,0.0311186,0.003538,-0.00540689,0.0187092,0.0001549
"rs6443750","C","T",-0.0115017,-0.00394518,0.01923,0.0210284,0.0283622,0.003221,-0.0129213,0.0164776,0.001185
"rs6457796","C","T",0.0494916,0.036044,0.03569,0.0191738,0.0259566,0.00287,0.0311943,0.0150286,7.582e-10
"rs646406","C","T",0.0386913,0.0541353,0.0001707,0.0259685,0.0347136,0.003765,-0.00634843,0.0218023,4.692e-05
"rs647248","A","G",0.0202967,-0.0113689,0.01111,0.0169234,0.0229434,0.002583,0.0218116,0.0135569,3.269e-06
"rs651193","G","A",-0.0393817,0.0213155,0.01023,0.0169781,0.0227673,0.00256,0.0164721,0.0134888,0.001278
"rs6538057","A","G",-0.00588477,0.0211703,-0.006904,0.0192882,0.025845,0.0029,-3.29718e-05,0.015973,0.0001615
"rs6545714","A","G",0.0175139,0.00484634,-0.02555,0.0175789,0.0236678,0.002602,-0.0153004,0.0136719,3.34e-05
"rs6598310","T","C",0.00630831,-0.00238792,-0.002452,0.0222389,0.0300068,0.003319,0.00819223,0.018511,0.001045
"rs662041","A","G",-0.0431616,-0.00341054,-0.008199,0.0276579,0.0366085,0.004143,0.020184,0.0227384,0.001957
"rs663538","A","G",-0.011642,-0.0281776,0.001934,0.0232054,0.0314099,0.003314,0.00717911,0.0168621,7.45e-05
"rs665141","A","G",-0.0260308,-0.0243597,0.008712,0.0246275,0.0334249,0.003544,-0.0277872,0.0182332,0.0001892
"rs6663586","C","A",-0.0170293,0.00878802,-0.0164,0.0184612,0.0247674,0.002863,-0.0637945,0.0157862,0.0001002
"rs6669189","T","C",0.0343572,0.0725729,0.02143,0.0173409,0.0230543,0.002603,0.0115667,0.0134842,6.102e-10
"rs6684853","T","C",-0.0143957,-0.049141,-0.00675,0.0169367,0.0226525,0.002568,0.00813518,0.0136443,0.0001675
"rs6710871","A","G",-0.00897744,0.0714947,0.02208,0.025197,0.0335102,0.003668,-0.0144265,0.0221579,0.0001793
"rs6723635","T","C",0.000651561,0.0271021,-0.007571,0.0257546,0.0343093,0.00421,-0.0286243,0.0212151,0.003135
"rs6732303","A","G",-0.0477597,0.00459769,0.0146,0.0329143,0.0447804,0.004861,-0.00541942,0.0271922,0.003021
"rs6760617","C","T",0.0203241,-0.0522528,0.01529,0.0320129,0.0440411,0.004547,0.0203695,0.0243142,0.001999
"rs6765484","T","C",-0.00774351,-0.0322363,-0.0371,0.0170318,0.0227236,0.002551,0.012453,0.0135027,5.993e-08
"rs6768819","C","T",-0.00983798,0.0270919,0.007715,0.0170018,0.022983,0.002609,-0.000635816,0.0138803,6.886e-06
"rs6787837","T","C",0.0180269,0.00786275,0.001226,0.0173941,0.0234889,0.002613,0.00631006,0.0139793,0.001449
"rs6803870","C","T",0.0268138,0.0405113,-0.009141,0.0240556,0.0324649,0.003461,0.00371241,0.0184875,3.54e-05
"rs6804842","G","A",0.0455079,0.0115991,0.01237,0.0171062,0.0230189,0.002578,-0.0284379,0.0134548,1.449e-07
"rs6818594","C","T",0.00983113,0.0739259,-0.0008272,0.0530428,0.0705425,0.007314,0.0372789,0.0334832,8.96e-05
"rs6819770","C","T",0.021939,0.0489693,-0.001643,0.0170546,0.0229555,0.002598,0.00386441,0.013699,0.001708
"rs6828380","T","C",0.0319321,-0.0499054,-0.001784,0.0292398,0.0391759,0.004344,-0.00909676,0.0198709,0.0001148
"rs6835324","A","G",-0.00277119,-0.0321375,0.01767,0.0244044,0.0326761,0.003574,0.028871,0.0210757,5.208e-08
"rs6841075","G","A",-0.0047288,0.00210857,-0.002889,0.0170892,0.0230182,0.002552,0.0220948,0.0135015,2.193e-06
"rs6841761","T","G",0.022096,0.00506022,-0.01964,0.0170685,0.0228585,0.002554,-0.0160745,0.013777,1.23e-05
"rs685523","T","C",0.0414398,0.0290093,0.007882,0.0264956,0.0354156,0.004116,-0.0409092,0.0212051,0.002927
"rs6865199","T","C",0.00766177,-0.0276391,-0.001233,0.0169916,0.0228852,0.002593,-0.00222797,0.0134568,0.001216
"rs6882956","G","A",0.0204002,-0.00762445,0.004477,0.020197,0.026971,0.003085,0.00802188,0.0154,0.002292
"rs6910358","A","C",-0.0142147,-0.0355426,0.003548,0.0238312,0.0326617,0.003595,0.0415123,0.0226318,0.0003443
"rs691057","G","A",0.00740278,-0.0348854,-0.002478,0.0171089,0.0231462,0.002602,0.000228489,0.0137254,0.0002046
"rs6950951","G","T",0.00697943,-0.0127656,0.001506,0.0186131,0.0247824,0.00273,-0.00542297,0.0141156,0.002242
"rs6955346","C","T",0.00886601,0.00896601,0.01558,0.0182334,0.0246589,0.002684,-0.000475888,0.0152927,4.49e-05
"rs6968747","C","T",-0.0225978,0.0954899,0.003041,0.0408799,0.0535549,0.007475,0.0345372,0.0208424,7.473e-05
"rs6971215","T","G",0.00619106,0.00813571,-0.004048,0.0196054,0.0265978,0.002992,0.0017044,0.0147806,0.0009915
"rs6994670","G","A",0.060499,-0.0459397,-0.0179,0.0443983,0.0586952,0.006998,-0.034972,0.0366425,1.92e-05
"rs701554","T","G",0.0114829,-0.00825751,0.003561,0.018417,0.0246385,0.002698,0.00117668,0.0144325,0.0004215
"rs7028686","G","T",0.015027,0.0300761,0.007647,0.0247329,0.0332682,0.003602,-0.0217251,0.0176247,0.001785
"rs7047032","C","T",-0.000179165,0.0206225,-0.000652,0.0187132,0.0251235,0.002737,0.0119476,0.0138942,0.0001993
"rs7073601","T","C",-0.0127495,0.0112239,-0.006312,0.0171024,0.022928,0.002586,-0.0108691,0.0135382,0.0008668
"rs7075195","G","A",0.0273081,0.0250925,-0.0147,0.0170888,0.0231083,0.002584,0.034263,0.0138381,1.94e-05
"rs7081610","A","C",0.004457,0.0198461,0.003706,0.0181453,0.0246154,0.002706,0.00611421,0.0137463,0.0001043
"rs7083122","A","C",-0.0444796,-0.0402726,0.002401,0.0202331,0.0272348,0.003185,0.018244,0.0175181,0.0007016
"rs7083450","T","C",0.0446628,0.0132759,0.02106,0.0223127,0.0299349,0.003512,-0.0104318,0.0215877,2.3e-05
"rs7086311","C","T",-0.0281005,-0.0121588,0.01352,0.0228873,0.0305714,0.003424,-0.000838335,0.015353,4.66e-05
"rs709400","G","A",-0.0239281,-0.0265364,-0.01804,0.01767,0.023641,0.002632,-0.00941595,0.0145427,1.502e-07
"rs709900","T","C",-0.01895,-0.0673633,-0.01151,0.0223149,0.0298541,0.00339,0.0201669,0.0167284,0.0002787
"rs710888","G","A",0.00335768,-0.00274537,0.02201,0.0171634,0.0231101,0.002589,-0.0207627,0.0138168,4.68e-05
"rs7121426","A","G",0.0100063,-0.00367368,-0.002596,0.0175291,0.023669,0.002582,0.03309,0.0135109,0.001297
"rs7132908","A","G",0.037201,0.0908254,0.03402,0.0172041,0.022923,0.002618,-0.0162444,0.0138672,4.985e-19
"rs7141420","T","C",0.0217312,0.0179658,0.0255,0.0168818,0.0226997,0.002562,-0.00541028,0.0136257,2.207e-11
"rs7143963","T","C",0.018447,-0.0165714,0.0253,0.0224186,0.0301955,0.003385,0.0328881,0.0160959,4.59e-05
"rs7146320","A","G",-0.0800204,-0.0415638,-0.01191,0.0709667,0.0970755,0.008318,0.0308095,0.101035,0.001224
"rs715","C","T",-0.00817815,-0.00491544,0.01225,0.0184483,0.0247769,0.002758,0.0369451,0.0144614,7.105e-06
"rs715987","C","T",0.0552192,-0.012424,0.006616,0.0212504,0.0288743,0.003272,0.0160597,0.0147096,0.001236
"rs716217","A","G",0.0221119,0.00415171,0.001641,0.0236211,0.0316184,0.003557,-0.0120578,0.0178394,5.96e-05
"rs7175794","T","G",0.0299323,0.0606267,0.009648,0.0482221,0.0646468,0.006503,-0.00256444,0.0349027,0.001982
"rs7182097","C","T",-0.0334044,-0.0122505,-0.007174,0.0205366,0.0273834,0.003088,-0.0103884,0.0182541,0.002454
"rs7183877","A","C",0.0358159,0.012359,-0.0145,0.0445532,0.0592352,0.004612,-0.0745785,0.0496092,0.0001386
"rs718948","C","T",-0.0123438,-0.0253212,0.01023,0.0183355,0.0247936,0.002661,0.0123251,0.0147792,8.07e-05
"rs7299302","T","C",-0.00996483,-0.104504,0.009741,0.0382736,0.0509028,0.006255,0.0554402,0.017894,0.0009504
"rs7307277","G","A",0.0151987,0.0216079,0.01495,0.0179383,0.0241434,0.002697,0.0363277,0.0147499,1.92e-05
"rs7316284","T","C",0.0121811,-0.0478721,0.007072,0.0380446,0.0526219,0.005639,-0.00573842,0.0285119,1.764e-05
"rs7332942","G","A",-0.0120022,-0.0548777,0.001211,0.0252356,0.0343233,0.003922,-0.0125357,0.0167199,0.002044
"rs7371607","A","G",0.014274,0.032724,-0.00554,0.0181099,0.0244248,0.002766,0.0239572,0.0143991,0.0002062
"rs7424376","G","A",-0.0122841,-0.0338854,0.01569,0.0171337,0.0231423,0.002599,0.0170544,0.0138359,1.725e-05
"rs7425482","A","G",-0.0222651,0.00610916,-0.007872,0.0280481,0.0379956,0.004235,-0.0301151,0.021158,0.002056
"rs7442986","G","A",-0.0111826,-0.0209346,0.002467,0.0185179,0.0249118,0.0029,-0.0206365,0.0141168,0.0002313
"rs7464841","T","C",-0.0271069,-0.0111054,-0.001652,0.0222627,0.030062,0.003397,-0.0497423,0.0209947,0.0001745
"rs7488867","T","C",-0.00103646,-0.0205993,-0.02308,0.0193128,0.0259723,0.002926,0.0150634,0.0145553,3.79e-05
"rs7519084","T","C",0.0156738,-0.00761116,-0.007239,0.0177425,0.0238274,0.00262,-0.0057957,0.0134775,0.000235
"rs7524314","A","G",-0.0159234,-0.0639628,-0.01066,0.0208437,0.0281006,0.003401,0.0307002,0.0173214,0.002242
"rs7536226","T","C",-0.0175452,-0.0215222,-0.002624,0.0175484,0.0237463,0.002639,-0.00506466,0.0135931,5.314e-05
"rs7550711","T","C",0.0570524,0.0470955,0.08822,0.0510688,0.0719226,0.008034,-0.0286229,0.0290038,1.135e-15
"rs755360","T","G",-0.00251173,-0.00175807,-0.004783,0.0170805,0.0229334,0.002575,0.00481957,0.0135801,0.00141
"rs7574359","C","T",-0.0383351,-0.0715195,-0.07414,0.0229801,0.0304514,0.003391,0.0017872,0.0183554,1.293e-39
"rs7582168","A","G",0.0159598,-0.00813099,-0.004431,0.0176047,0.0233406,0.002644,-0.00832561,0.0146122,0.000217
"rs7583474","A","G",-0.00479782,-0.0528034,-0.004047,0.0174321,0.0233827,0.002642,-0.00509469,0.0142452,0.0002569
"rs7589023","T","C",0.00531991,-0.0262699,0.02171,0.0244033,0.0332855,0.00341,0.0403051,0.0263912,7.463e-06
"rs7599312","A","G",0.00870457,-0.0365838,-0.02521,0.0185442,0.0248537,0.002896,0.00247868,0.0146698,1.548e-10
"rs761423","C","T",-0.00105243,0.0167727,-0.01403,0.0171779,0.0232544,0.002554,-0.00516186,0.0139256,4.1e-05
"rs7615785","G","A",0.0246852,0.0063226,0.0005528,0.0196596,0.0263651,0.002951,0.018356,0.0170813,0.0004128
"rs7617034","G","A",-0.0683886,0.0655216,0.001378,0.0268135,0.0358809,0.003889,0.0192097,0.0237271,0.002459
"rs7636066","A","G",0.0480964,-0.0708235,0.004202,0.0443396,0.0577711,0.006479,-0.00775489,0.0403587,0.002638
"rs7640424","T","C",0.0204221,-0.00390619,-0.01661,0.0183806,0.0247852,0.002749,0.00520254,0.0140439,2.188e-07
"rs7652586","A","C",0.014334,0.0568619,0.01399,0.0264136,0.0358618,0.004059,0.0394727,0.0254332,0.0008681
"rs7652885","T","G",-0.0092025,0.011647,-0.01273,0.0226453,0.03001,0.003465,0.000622615,0.0197446,0.0002126
"rs7662116","A","C",-0.0103472,-0.0408859,-0.0007717,0.0186694,0.0251358,0.00278,-0.00923535,0.0154741,0.002003
"rs7697","G","A",0.0132171,0.00904064,-0.008756,0.0235823,0.0315585,0.003586,2.26895e-05,0.0192779,0.001509
"rs771901","C","T",0.00955022,-0.03954,0.01443,0.0187691,0.0254527,0.002856,-0.0247063,0.0150896,0.002566
"rs7721099","C","T",-0.016066,0.049788,0.04104,0.0256156,0.0341711,0.003624,-0.0234618,0.0209513,3.964e-07
"rs7730004","T","C",-0.00866237,0.0112497,0.01508,0.0179801,0.0241604,0.002722,-0.0218169,0.0135201,1.66e-05
"rs7732527","G","A",0.00909967,-0.000814801,-0.006668,0.017401,0.0234367,0.002579,0.00972845,0.0135081,0.003015
"rs7735942","C","T",-0.00101678,0.025681,-0.007887,0.017994,0.0241135,0.002677,0.00107909,0.0137022,6.46e-05
"rs7744549","T","C",-0.020677,0.103313,-0.009292,0.0453343,0.0616101,0.006379,0.002915,0.0578279,6.77e-05
"rs7760082","A","G",-0.0211525,-0.0307392,-0.0136,0.0181192,0.0246559,0.002707,-0.0126022,0.0140636,2e-05
"rs776696","G","A",0.0100696,0.0333282,-0.001659,0.0222142,0.0297319,0.003207,-0.0206156,0.0167929,0.0002001
"rs7775447","G","T",-0.0150298,0.0164545,0.001937,0.0209061,0.0282804,0.002979,-0.0095909,0.0173245,0.001012
"rs7788769","C","A",0.0117594,0.0288139,-0.001665,0.03043,0.0403529,0.004489,-0.0100644,0.0220038,1.719e-05
"rs7796916","A","G",-0.00560836,-0.0175545,-0.008756,0.018421,0.0244475,0.002811,-0.0219223,0.0158676,5.7e-05
"rs7802744","T","C",-0.0364269,-0.014616,-0.003969,0.0192472,0.0258066,0.003006,-0.00899051,0.0172436,0.0004922
"rs7808684","G","A",-0.0761675,-0.0617665,0.02712,0.0468114,0.0628095,0.007927,-0.0236295,0.0444396,0.0001628
"rs7810127","T","C",0.0474497,0.0464655,0.006186,0.0180269,0.0241919,0.002657,0.00329936,0.0145458,0.0001633
"rs7828543","G","A",-0.011256,-0.00433255,0.01245,0.0249336,0.0337663,0.003595,-0.0318587,0.0205367,0.0009384
"rs785419","T","C",0.0201271,0.0092641,0.01293,0.028178,0.0377161,0.004272,0.00821698,0.0202199,0.002263
"rs7855908","T","C",-0.0275252,-0.121198,4.411e-05,0.0420582,0.0545709,0.006442,0.0298821,0.0326981,0.002517
"rs7869969","G","A",0.0384369,0.028044,0.00155,0.0176208,0.023942,0.002703,-0.0195166,0.0139787,4.429e-07
"rs7899106","G","A",0.0524895,-0.00706151,0.03856,0.0397177,0.0539004,0.005827,-0.0480242,0.0325657,2.27e-06
"rs7899336","G","T",0.00572453,0.0705099,0.01328,0.0224222,0.0300775,0.003327,0.00257318,0.0168681,0.0001528
"rs7916816","T","C",-0.00105519,-0.00616607,-0.01059,0.0272793,0.0365831,0.004114,-0.01391,0.0228313,9.356e-06
"rs7925108","G","A",0.00383216,0.0325685,-0.003509,0.017092,0.0230036,0.002594,-0.0242729,0.014109,5.308e-05
"rs7929629","T","C",-0.0199878,0.0459417,0.01024,0.0190123,0.0261387,0.002823,-0.00326774,0.0149382,0.0002113
"rs7941136","G","A",0.0244952,-0.0109457,0.005558,0.0213038,0.0282485,0.003201,0.0263358,0.0149325,0.001008
"rs7944136","T","C",-0.00111068,-0.0518252,0.01672,0.0437655,0.0597709,0.00552,-0.0131293,0.0247985,0.0003673
"rs7948789","G","A",0.0177995,-0.0266014,-0.009917,0.0172601,0.0230041,0.00262,0.0213243,0.0140416,4.807e-06
"rs7950912","T","C",-0.0348074,0.0176867,-0.001603,0.0169111,0.0229188,0.002671,-0.0100834,0.0140515,0.000851
"rs7966000","G","A",-0.00658116,-0.00192284,0.003838,0.021752,0.0289029,0.003017,0.00268203,0.0158952,0.001155
"rs7966951","G","A",0.0186693,0.00396836,-0.0004198,0.0186513,0.0247909,0.002878,-0.016694,0.0147941,0.0001918
"rs7967402","G","A",0.0232472,0.054714,0.01942,0.0230309,0.0304333,0.003372,-0.0162443,0.0183403,2.93e-05
"rs7987198","A","G",0.0187772,0.0858815,0.0156,0.0399175,0.0516819,0.006284,-0.0907212,0.0363638,0.0001803
"rs7992289","A","G",-0.060039,-0.0332525,-0.009995,0.0203025,0.0275446,0.00314,0.0191955,0.015701,3.292e-06
"rs7996847","T","C",-0.00891346,0.00107333,-0.004172,0.0195606,0.0264902,0.003123,-0.00923762,0.0150771,0.0007932
"rs801089","A","G",0.0262866,-0.0248827,-0.00428,0.0223392,0.0299851,0.003439,-0.0338018,0.0210395,6.962e-06
"rs8033644","G","A",0.0108043,-0.0212361,0.01379,0.0199933,0.0266593,0.002917,0.0408461,0.0154229,1.761e-06
"rs8036796","T","C",0.0126366,0.0141007,0.01094,0.0172703,0.0230237,0.002617,-0.0186216,0.0135528,5.047e-06
"rs811745","T","C",0.0293548,-0.0343595,0.03991,0.0397358,0.0538399,0.005303,-0.0288883,0.0311532,3.077e-06
"rs818902","A","C",0.00133872,-0.0352849,-0.008321,0.0186198,0.0249832,0.002747,0.000793042,0.0153535,3.17e-05
"rs821581","G","A",-0.0045865,-0.0361646,-0.001512,0.0200271,0.026983,0.003052,-0.00600086,0.0155948,0.002193
"rs825191","G","A",0.0220261,0.00263309,-0.007101,0.0176504,0.0236552,0.002618,0.00494568,0.0147044,0.0003716
"rs834143","T","C",-0.031388,-0.00871863,-0.002511,0.0170461,0.0228184,0.002542,0.0159689,0.0135697,0.002133
"rs8354","T","C",-0.0385402,-0.0792479,0.02651,0.0281962,0.0375728,0.004693,-0.00945879,0.0270982,2.752e-06
"rs845084","A","G",5.4784e-05,0.0227237,0.019,0.0195918,0.0260434,0.002921,0.0146615,0.0153531,0.0001793
"rs876423","C","A",0.00591266,-0.0166567,0.02221,0.0173513,0.0232587,0.002634,-0.00228346,0.0142617,6.408e-06
"rs876724","T","C",0.0424742,0.0522547,-0.003173,0.0185865,0.0250232,0.002763,0.0230482,0.0141259,0.001986
"rs877273","T","C",0.00969498,0.017537,-0.00574,0.0175154,0.0235388,0.002621,-0.0327517,0.0142708,0.000717
"rs879620","T","C",0.014464,-0.0158188,0.03121,0.0174495,0.023663,0.002622,0.0126135,0.0135762,1.962e-10
"rs923090","T","C",-0.00270844,-0.0999791,0.006871,0.0407325,0.0539283,0.005343,0.0298712,0.0274423,0.001833
"rs9285334","C","T",0.0306597,0.0100093,-0.007801,0.0169267,0.0226002,0.002554,-0.0359772,0.0135935,0.0004818
"rs9290276","C","T",-0.0157331,-0.00921423,0.006837,0.0183511,0.0246904,0.002848,-0.0263955,0.0139156,0.001128
"rs9298338","A","G",-0.0558767,0.0083873,-0.01437,0.0329567,0.0455333,0.004932,0.00808694,0.0239234,3.9e-05
"rs9309692","A","C",0.00380349,-0.0355385,0.001285,0.0171982,0.0231224,0.002649,-0.0226053,0.0139652,0.002692
"rs9318046","C","T",0.0373705,-0.0161221,-0.001761,0.0196495,0.0265136,0.003045,0.000632627,0.0160224,0.001366
"rs9321251","C","T",0.00147177,0.0128808,-0.005723,0.018847,0.0254244,0.002776,-0.0150179,0.0146211,9.158e-05
"rs9341342","C","T",0.0120704,0.0469402,0.008499,0.0219053,0.0295092,0.003419,0.0348873,0.0196358,0.0001401
"rs9348549","A","G",0.0326981,0.0341547,-0.00894,0.0214898,0.0292432,0.003296,-0.0236701,0.0185299,0.003192
"rs9380238","G","A",0.0481001,-0.00243344,0.004589,0.0288509,0.0388811,0.00382,-0.00623881,0.0204279,0.0007734
"rs9387421","T","C",0.0307979,0.0428367,0.01045,0.0214733,0.0289974,0.00329,0.0357416,0.0154059,1.36e-05
"rs9403481","G","A",0.00657954,-0.0175233,-0.0161,0.0294188,0.0402531,0.004829,0.0632,0.0210094,0.0007749
"rs943005","T","C",0.0467333,0.0862401,0.05052,0.0223374,0.0298587,0.003397,-0.0108741,0.0167299,2.766e-18
"rs943466","A","G",-0.0200402,0.000788138,-0.01656,0.0196903,0.0263074,0.003014,-0.00259573,0.0145831,8.992e-07
"rs9450537","G","A",-0.0219645,0.00974956,-0.01257,0.0178246,0.0241963,0.002627,0.0219769,0.0140607,6.125e-07
"rs9452262","G","T",0.03002,0.0172635,-0.01771,0.0329189,0.0443218,0.004917,-0.0150143,0.0210223,0.0007167
"rs9481742","A","G",-0.00655209,-0.0300382,-0.004495,0.0169923,0.0229079,0.002548,0.00425346,0.0134197,0.0003873
"rs9486287","A","C",0.0135816,-0.0345468,-0.001509,0.0241831,0.0326501,0.003407,0.00156697,0.0204385,0.001557
"rs9493108","A","G",0.0227723,-0.028617,-0.01166,0.0532836,0.0705872,0.009627,0.0722813,0.030359,0.001804
"rs9525275","C","T",-0.021786,-0.0347617,-0.003496,0.0263861,0.0351436,0.003653,0.0250837,0.0217016,0.0005302
"rs9529262","G","A",0.0254136,-0.0134048,-0.002003,0.0199709,0.0269934,0.002944,-0.0224237,0.0154098,0.0001724
"rs9529848","T","G",0.0531818,-0.0277638,-0.0002048,0.0398992,0.0542986,0.005641,-0.0243557,0.0450179,0.000483
"rs9532924","T","C",-0.0264039,-0.0918095,-0.0242,0.0717574,0.0967828,0.009342,0.118265,0.0849611,0.0006223
"rs9540493","G","A",-0.0107415,-0.0336208,-0.01821,0.0169979,0.0228367,0.002566,0.00618083,0.0134375,7.849e-06
"rs9547152","A","G",0.0137355,-0.0153956,-0.00419,0.0176859,0.0239261,0.002677,-0.00582637,0.0140263,2.323e-07
"rs9548138","C","T",0.00238116,-0.0282242,-0.004715,0.0172365,0.0233549,0.002574,-0.00566951,0.0134518,0.00019
"rs9562716","C","T",-0.00378381,-0.015328,-0.002301,0.0171141,0.0230507,0.002583,0.0112234,0.0134213,0.0007539
"rs9563936","A","G",-0.0446392,0.0103388,0.001205,0.0262473,0.0358677,0.004024,0.0363043,0.0193144,0.0002929
"rs9569725","T","C",0.0263547,-0.0554507,-0.01495,0.0188797,0.0252515,0.002939,-0.0306971,0.0145705,6.02e-05
"rs9586824","A","G",0.0180463,0.0123862,-0.0009973,0.0245572,0.0327627,0.003652,0.0399984,0.018467,0.001509
"rs962796","C","T",0.00366763,0.00338761,-0.01501,0.0205894,0.0276543,0.003179,-0.0585244,0.0167599,0.001551
"rs9634489","G","A",0.0181075,-0.0053254,0.01421,0.0172462,0.0232427,0.002565,0.00215141,0.0134547,8.705e-06
"rs9652020","A","G",0.0100334,0.0736817,-0.007654,0.0293453,0.0398316,0.0052,-0.00547683,0.0224217,5.84e-05
"rs9688431","C","T",0.0788667,0.0561101,-0.03435,0.0357795,0.0481422,0.005478,0.0305892,0.0400626,0.0001231
"rs974751","G","A",0.00663503,0.025951,-0.005496,0.0205317,0.027914,0.002928,0.01237,0.0183297,0.0007628
"rs9824340","T","C",-0.0279732,0.00495215,0.01126,0.0177757,0.0237384,0.002762,0.00941513,0.0144666,6.3e-05
"rs9853372","A","G",0.00585459,0.00830208,0.00663,0.0218897,0.0294365,0.003385,0.00178006,0.0156235,4.022e-06
"rs9874354","G","A",0.0123604,-0.0100748,-0.003375,0.0187982,0.025244,0.002758,0.00915274,0.0143324,0.0006215
"rs9882988","T","G",0.0165585,0.0243858,0.002079,0.0207077,0.0278781,0.003167,-0.00549062,0.015651,0.002248
"rs9884682","A","G",-0.0218083,0.0427446,0.008098,0.0172567,0.0231445,0.002606,0.00504616,0.0134812,0.0001636
"rs990871","T","C",0.0519686,0.044527,0.02609,0.0173187,0.0233487,0.002589,0.0344789,0.0140627,5.15e-18
"rs9935993","C","T",0.0181874,0.00543733,-0.01906,0.0205698,0.0278596,0.00289,-0.0162631,0.0165562,0.0001952
"rs998717","T","C",0.0576623,0.0384211,0.005444,0.035659,0.0474144,0.004981,0.0383221,0.034979,0.0008684
