SNP,effect_allele.exposure,other_allele.exposure,effect_allele.outcome,other_allele.outcome,beta.exposure,beta.outcome,eaf.exposure,eaf.outcome,pos.outcome,pval.outcome,se.outcome,outcome,pval_origin.outcome,data_source.outcome,se.exposure,pval.exposure,exposure
rs11075985,A,C,A,C,0.105176,0.00298719,0.430347,0.426134,53771295,0.745839,0.00921597,outcome,reported,textfile,0.0228221,4.18679e-06,exposure
rs11168988,G,A,G,A,0.135296,0.0157413,0.185137,0.206883,49361451,0.16376,0.011304,outcome,reported,textfile,0.0293404,4.13248e-06,exposure
rs112861778,T,C,T,C,0.288828,0.0297206,0.0350854,0.011376,68160581,0.492334,0.0432866,outcome,reported,textfile,0.0621151,3.43263e-06,exposure
rs116335664,A,C,A,C,0.398832,-0.0433822,0.0176075,0.00321544,225787737,0.603373,0.0834987,outcome,reported,textfile,0.0871872,4.92557e-06,exposure
rs116830079,C,G,C,G,0.340654,0.0321181,0.0245987,0.0203219,34647320,0.325709,0.0326804,outcome,reported,textfile,0.0733718,3.55121e-06,exposure
rs139590204,A,C,A,C,0.794197,0.0188324,0.00517866,0.0104881,6819773,0.671067,0.0443444,outcome,reported,textfile,0.158395,5.57062e-07,exposure
rs144017523,T,C,T,C,0.404875,-0.00567667,0.0203263,0.0223737,7436330,0.855712,0.0312186,outcome,reported,textfile,0.0802989,4.81664e-07,exposure
rs145898638,T,G,T,G,0.747401,-0.103988,0.00530813,0.000645556,64731664,0.590606,0.193301,outcome,reported,textfile,0.156916,1.97703e-06,exposure
rs17695940,T,C,T,C,-0.169812,-0.00768952,0.105645,0.119669,14183068,0.584969,0.0140797,outcome,reported,textfile,0.03678,4.02128e-06,exposure
rs185521958,T,G,T,G,0.680588,0.171559,0.00647333,0.00166865,131989619,0.151605,0.119646,outcome,reported,textfile,0.142438,1.83551e-06,exposure
rs35797045,A,C,A,C,-0.277412,0.00558713,0.0374158,0.0739469,56884213,0.747768,0.0173738,outcome,reported,textfile,0.060143,4.10719e-06,exposure
rs3778152,G,A,G,A,-0.26192,-0.0232187,0.0432418,0.0321487,154072696,0.372221,0.0260206,outcome,reported,textfile,0.0566187,3.84999e-06,exposure
rs4880573,T,A,T,A,0.192405,0.0210819,0.125453,0.063948,2665800,0.266095,0.0189568,outcome,reported,textfile,0.0344856,2.58168e-08,exposure
rs527079,T,G,T,G,-0.106399,-0.0179396,0.447048,0.452564,149308878,0.0511847,0.00920017,outcome,reported,textfile,0.0231452,4.42319e-06,exposure
rs56049768,C,T,C,T,0.168355,0.0110899,0.137364,0.116341,55618220,0.436957,0.0142664,outcome,reported,textfile,0.0329828,3.48055e-07,exposure
rs72819464,T,C,T,C,0.334024,-0.0872443,0.025246,0.00688582,103874228,0.129008,0.0574722,outcome,reported,textfile,0.071879,3.48027e-06,exposure
rs75334440,T,C,T,C,0.206742,-0.00253079,0.0811756,0.103979,61588227,0.867419,0.0151601,outcome,reported,textfile,0.041663,7.27023e-07,exposure
rs78078189,G,A,G,A,0.666634,0.0388113,0.00763853,0.00369951,129439310,0.634347,0.0816021,outcome,reported,textfile,0.13099,3.76813e-07,exposure
rs79473690,A,G,A,G,0.164262,0.0336094,0.114966,0.0971306,97926625,0.0297927,0.015468,outcome,reported,textfile,0.0357835,4.56405e-06,exposure
