SNP,effect_allele.exposure,other_allele.exposure,effect_allele.outcome,other_allele.outcome,beta.exposure,beta.outcome,eaf.exposure,eaf.outcome,pos.outcome,pval.outcome,se.outcome,outcome,pval_origin.outcome,data_source.outcome,se.exposure,pval.exposure,exposure,pval_origin.exposure,data_source.exposure,pval
rs10057590,C,A,C,A,0.01658,0.00281991,0.5265,0.583947,124999554,0.836749,0.0136854,outcome,reported,textfile,0.002575,1.20781383510678e-10,exposure,reported,textfile,1.20781383510678e-10
rs10094401,G,T,G,T,0.01856,0.0164356,0.1697,0.321984,61212691,0.252511,0.0143634,outcome,reported,textfile,0.003394,4.5289757990362e-08,exposure,reported,textfile,4.5289757990362e-08
rs10125137,C,T,C,T,0.01523,-0.0197693,0.358,0.282752,115881911,0.186929,0.0149799,outcome,reported,textfile,0.002653,9.41889596522842e-09,exposure,reported,textfile,9.41889596522842e-09
rs10144067,T,C,T,C,0.02453,0.00595806,0.5906,0.576006,93418852,0.661683,0.0136156,outcome,reported,textfile,0.002607,5.01187233627271e-21,exposure,reported,textfile,5.01187233627271e-21
rs10160914,T,C,T,C,-0.01572,-0.0179636,0.6198,0.705558,67718449,0.224565,0.0147912,outcome,reported,textfile,0.002647,2.85101826750391e-09,exposure,reported,textfile,2.85101826750391e-09
rs10172070,T,C,T,C,0.02,0.0433906,0.1471,0.107304,207443037,0.0483961,0.0219825,outcome,reported,textfile,0.003591,2.56448403651772e-08,exposure,reported,textfile,2.56448403651772e-08
rs10174253,C,A,C,A,0.01686,0.0205552,0.2814,0.345716,180458433,0.144965,0.0141026,outcome,reported,textfile,0.002851,3.35737614242955e-09,exposure,reported,textfile,3.35737614242955e-09
rs10210468,C,T,C,T,-0.01534,0.00616262,0.4666,0.536392,164520593,0.648106,0.0135028,outcome,reported,textfile,0.002584,2.93764965196153e-09,exposure,reported,textfile,2.93764965196153e-09
rs1046080,A,C,A,C,0.0314,-0.0102736,0.719,0.796364,31628105,0.539635,0.0167495,outcome,reported,textfile,0.002827,1.20226443461741e-28,exposure,reported,textfile,1.20226443461741e-28
rs1048013,T,C,T,C,0.01402,0.0140048,0.5541,0.473809,203289829,0.297846,0.0134524,outcome,reported,textfile,0.00256,4.35511873685569e-08,exposure,reported,textfile,4.35511873685569e-08
rs1048932,A,C,A,C,-0.01997,-0.0271282,0.4133,0.427849,115174130,0.0453378,0.0135539,outcome,reported,textfile,0.002584,1.0715193052376e-14,exposure,reported,textfile,1.0715193052376e-14
rs10505836,C,A,C,A,0.02079,0.0369134,0.8616,0.865139,19135574,0.0608163,0.019689,outcome,reported,textfile,0.003712,2.1183611352485e-08,exposure,reported,textfile,2.1183611352485e-08
rs10756792,T,C,T,C,-0.01935,0.0186399,0.7446,0.774816,16726121,0.247689,0.0161247,outcome,reported,textfile,0.002929,3.98107170553497e-11,exposure,reported,textfile,3.98107170553497e-11
rs10780248,A,G,A,G,-0.016,-0.00929169,0.5614,0.612798,78755639,0.501274,0.0138169,outcome,reported,textfile,0.002566,4.47713304176362e-10,exposure,reported,textfile,4.47713304176362e-10
rs10803762,A,G,A,G,0.01696,0.0194911,0.6795,0.707266,160249365,0.186512,0.0147552,outcome,reported,textfile,0.002735,5.64936974812303e-10,exposure,reported,textfile,5.64936974812303e-10
rs10804271,G,A,G,A,0.02723,-0.00810796,0.9069,0.963118,219363166,0.825151,0.0367002,outcome,reported,textfile,0.004383,5.24807460249773e-10,exposure,reported,textfile,5.24807460249773e-10
rs10805383,A,G,A,G,0.02067,0.0164122,0.4795,0.575826,63738779,0.230652,0.0136919,outcome,reported,textfile,0.002552,5.49540873857625e-16,exposure,reported,textfile,5.49540873857625e-16
rs10820852,A,C,A,C,-0.02095,0.0211921,0.2751,0.207849,91424691,0.202829,0.0166404,outcome,reported,textfile,0.002854,2.13796208950223e-13,exposure,reported,textfile,2.13796208950223e-13
rs10842240,C,G,C,G,0.03022,0.0122722,0.1147,0.155391,23907141,0.506301,0.0184653,outcome,reported,textfile,0.003993,3.80189396320561e-14,exposure,reported,textfile,3.80189396320561e-14
rs10894605,G,A,G,A,0.01764,0.0236941,0.4248,0.333345,132784132,0.0974877,0.014298,outcome,reported,textfile,0.002579,7.94328234724282e-12,exposure,reported,textfile,7.94328234724282e-12
rs10905682,T,C,T,C,-0.01932,0.0120568,0.8199,0.783884,10216524,0.45568,0.0161624,outcome,reported,textfile,0.003303,4.95450190804791e-09,exposure,reported,textfile,4.95450190804791e-09
rs10927006,C,T,C,T,-0.02497,0.00587441,0.1448,0.160259,243394357,0.748226,0.0183015,outcome,reported,textfile,0.003621,5.37031796370253e-12,exposure,reported,textfile,5.37031796370253e-12
rs10965698,T,C,T,C,-0.01449,-0.0054557,0.369,0.368788,23203621,0.695351,0.0139317,outcome,reported,textfile,0.00264,4.0271703432546e-08,exposure,reported,textfile,4.0271703432546e-08
rs11012732,G,A,G,A,0.02915,0.00571545,0.3308,0.314739,21541175,0.692017,0.0144286,outcome,reported,textfile,0.002707,5.01187233627272e-27,exposure,reported,textfile,5.01187233627272e-27
rs11030119,A,G,A,G,0.03898,-0.0232058,0.3086,0.332149,27706555,0.103606,0.0142575,outcome,reported,textfile,0.002755,1.94984459975804e-45,exposure,reported,textfile,1.94984459975804e-45
rs1109614,A,G,A,G,-0.01668,-0.012051,0.5984,0.530585,132177661,0.371333,0.0134802,outcome,reported,textfile,0.002601,1.42560759360219e-10,exposure,reported,textfile,1.42560759360219e-10
rs11122450,G,T,G,T,-0.0148,-0.0059277,0.6126,0.56318,230166065,0.660645,0.013502,outcome,reported,textfile,0.002613,1.492794409579e-08,exposure,reported,textfile,1.492794409579e-08
rs111258054,T,C,T,C,0.02204,0.0072937,0.1844,0.282804,134741496,0.625459,0.0149422,outcome,reported,textfile,0.003324,3.38844156139202e-11,exposure,reported,textfile,3.38844156139202e-11
rs111276357,T,C,T,C,-0.03444,0.0262026,0.05683,0.0302095,73193275,0.514719,0.0402185,outcome,reported,textfile,0.005504,3.89941986676543e-10,exposure,reported,textfile,3.89941986676543e-10
rs11134679,G,A,G,A,0.02469,0.00344316,0.6848,0.653881,171196387,0.807587,0.014138,outcome,reported,textfile,0.002748,2.57039578276887e-19,exposure,reported,textfile,2.57039578276887e-19
rs111480515,T,C,T,C,0.01727,-0.00840635,0.2502,0.226028,155652852,0.598696,0.0159732,outcome,reported,textfile,0.002943,4.38530697774985e-09,exposure,reported,textfile,4.38530697774985e-09
rs111652921,A,C,A,C,-0.02838,0.00912617,0.08769,0.137298,84806459,0.639239,0.0194686,outcome,reported,textfile,0.00456,4.841723675841e-10,exposure,reported,textfile,4.841723675841e-10
rs112646560,T,C,T,C,0.02661,0.0308266,0.2174,0.197338,39094578,0.0679814,0.0168901,outcome,reported,textfile,0.003111,1.20226443461741e-17,exposure,reported,textfile,1.20226443461741e-17
rs112921972,T,C,T,C,0.02509,-0.0570116,0.1236,0.0736772,74295203,0.0279924,0.0259451,outcome,reported,textfile,0.003858,7.94328234724282e-11,exposure,reported,textfile,7.94328234724282e-11
rs113079574,T,C,T,C,-0.02039,0.00167042,0.1909,0.211073,146432937,0.919503,0.016529,outcome,reported,textfile,0.003253,3.68977598570151e-10,exposure,reported,textfile,3.68977598570151e-10
rs114508011,C,A,C,A,0.03088,-0.0407392,0.07479,0.0488983,230978674,0.203385,0.0320285,outcome,reported,textfile,0.004906,3.06902198839116e-10,exposure,reported,textfile,3.06902198839116e-10
rs114964326,A,G,A,G,-0.05511,-0.0996908,0.02951,0.0146114,145257661,0.0814892,0.0572242,outcome,reported,textfile,0.007583,3.63078054770102e-13,exposure,reported,textfile,3.63078054770102e-13
rs115056380,A,G,A,G,-0.0434,-0.0085343,0.04855,0.0326989,110796050,0.823081,0.0381705,outcome,reported,textfile,0.005927,2.3988329190195e-13,exposure,reported,textfile,2.3988329190195e-13
rs11515071,T,C,T,C,-0.02763,0.00502259,0.3645,0.452607,15855547,0.709204,0.0134681,outcome,reported,textfile,0.002656,2.45470891568503e-25,exposure,reported,textfile,2.45470891568503e-25
rs11525873,C,T,C,T,-0.02822,-0.000385084,0.09819,0.147764,139132447,0.983892,0.0190729,outcome,reported,textfile,0.004282,4.36515832240167e-11,exposure,reported,textfile,4.36515832240167e-11
rs115309188,A,G,A,G,-0.0439,-0.0156786,0.04174,0.0305099,45688879,0.689878,0.0392927,outcome,reported,textfile,0.006364,5.24807460249773e-12,exposure,reported,textfile,5.24807460249773e-12
rs115462510,C,T,C,T,-0.01843,0.00500932,0.2566,0.283896,67588359,0.736641,0.0148951,outcome,reported,textfile,0.002954,4.36515832240167e-10,exposure,reported,textfile,4.36515832240167e-10
rs115866895,G,A,G,A,-0.03105,0.00709984,0.2638,0.230247,1661177,0.658361,0.0160565,outcome,reported,textfile,0.002909,1.38038426460289e-26,exposure,reported,textfile,1.38038426460289e-26
rs11608710,G,T,G,T,0.0338,-0.0128755,0.06173,0.107555,23600993,0.549909,0.0215347,outcome,reported,textfile,0.005356,2.79254384123734e-10,exposure,reported,textfile,2.79254384123734e-10
rs116374395,A,G,A,G,0.04159,-0.0180683,0.03541,0.0315864,51427576,0.639836,0.0386134,outcome,reported,textfile,0.006907,1.73380399775414e-09,exposure,reported,textfile,1.73380399775414e-09
rs116394958,T,C,T,C,0.01763,0.0254128,0.2759,0.366251,85902937,0.0675772,0.0139034,outcome,reported,textfile,0.002853,6.42687717317019e-10,exposure,reported,textfile,6.42687717317019e-10
rs1167311,A,G,A,G,-0.02257,0.0129844,0.6807,0.617807,49531287,0.348524,0.0138506,outcome,reported,textfile,0.002749,2.23872113856834e-16,exposure,reported,textfile,2.23872113856834e-16
rs11688320,G,T,G,T,0.02453,0.00245041,0.1082,0.0985258,144865476,0.913729,0.0226185,outcome,reported,textfile,0.004101,2.2080047330189e-09,exposure,reported,textfile,2.2080047330189e-09
rs117118217,C,G,C,G,0.05781,-0.0870468,0.01798,0.021056,129985064,0.0706074,0.0481454,outcome,reported,textfile,0.01006,9.036494737223e-09,exposure,reported,textfile,9.036494737223e-09
rs11757081,T,A,T,A,0.02454,0.0236443,0.2502,0.18086,33491643,0.179155,0.0176009,outcome,reported,textfile,0.002939,6.76082975391979e-17,exposure,reported,textfile,6.76082975391979e-17
rs11757278,C,T,C,T,-0.01806,-0.0062939,0.3055,0.39114,13180222,0.647799,0.0137775,outcome,reported,textfile,0.002764,6.45654229034656e-11,exposure,reported,textfile,6.45654229034656e-11
rs11767811,A,G,A,G,-0.02358,-0.0198134,0.181,0.207438,72156003,0.230953,0.01654,outcome,reported,textfile,0.003299,8.7096358995608e-13,exposure,reported,textfile,8.7096358995608e-13
rs11773362,T,C,T,C,-0.01474,-0.0280154,0.3379,0.37854,147971088,0.0428509,0.0138337,outcome,reported,textfile,0.002693,4.40554863506553e-08,exposure,reported,textfile,4.40554863506553e-08
rs11787216,T,C,T,C,0.01702,-0.00544913,0.3711,0.353905,141605122,0.698004,0.0140435,outcome,reported,textfile,0.002687,2.38781128291318e-10,exposure,reported,textfile,2.38781128291318e-10
rs117923369,T,C,T,C,-0.03413,0.00306812,0.05119,0.0382566,120402271,0.930384,0.0351197,outcome,reported,textfile,0.005822,4.58141886714533e-09,exposure,reported,textfile,4.58141886714533e-09
rs118052470,A,G,A,G,-0.03231,-0.0170966,0.04944,0.0664425,158275515,0.527298,0.0270457,outcome,reported,textfile,0.005915,4.68813382145266e-08,exposure,reported,textfile,4.68813382145266e-08
rs11856579,A,G,A,G,-0.02294,0.0144367,0.2681,0.216156,77720346,0.378165,0.0163815,outcome,reported,textfile,0.002874,1.47910838816821e-15,exposure,reported,textfile,1.47910838816821e-15
rs11928128,C,T,C,T,0.02445,0.0028138,0.1372,0.111648,35475482,0.895116,0.0213436,outcome,reported,textfile,0.003712,4.57088189614875e-11,exposure,reported,textfile,4.57088189614875e-11
rs12024554,T,C,T,C,-0.01993,0.00088647,0.2364,0.221575,19599265,0.956116,0.0161095,outcome,reported,textfile,0.002999,3.01995172040202e-11,exposure,reported,textfile,3.01995172040202e-11
rs12072739,G,A,G,A,0.02522,-0.0197413,0.2244,0.316872,97850337,0.17043,0.014401,outcome,reported,textfile,0.003056,1.54881661891248e-16,exposure,reported,textfile,1.54881661891248e-16
rs12089815,A,G,A,G,-0.01756,-0.00743475,0.5493,0.383309,90724376,0.592165,0.0138785,outcome,reported,textfile,0.002564,7.41310241300916e-12,exposure,reported,textfile,7.41310241300916e-12
rs12140153,T,G,T,G,-0.04093,-0.00716545,0.09601,0.078456,62114219,0.776099,0.0251945,outcome,reported,textfile,0.004429,2.45470891568503e-20,exposure,reported,textfile,2.45470891568503e-20
rs1218822,A,G,A,G,0.02298,0.0142074,0.6616,0.667321,27437826,0.317404,0.0142101,outcome,reported,textfile,0.002691,1.38038426460289e-17,exposure,reported,textfile,1.38038426460289e-17
rs12203103,G,A,G,A,0.01919,-0.00274064,0.2185,0.129121,142844066,0.892454,0.0202711,outcome,reported,textfile,0.003087,5.0815944256056e-10,exposure,reported,textfile,5.0815944256056e-10
rs1222216,T,C,T,C,-0.02204,0.0202176,0.2275,0.181072,30324505,0.246732,0.0174542,outcome,reported,textfile,0.003031,3.54813389233576e-13,exposure,reported,textfile,3.54813389233576e-13
rs12254400,A,C,A,C,0.02207,0.0316222,0.1322,0.0719405,18266581,0.231936,0.0264535,outcome,reported,textfile,0.003759,4.36515832240167e-09,exposure,reported,textfile,4.36515832240167e-09
rs1229984,C,T,C,T,0.06172,0.0146676,0.9772,0.994898,99318162,0.882378,0.0991357,outcome,reported,textfile,0.008539,4.89778819368446e-13,exposure,reported,textfile,4.89778819368446e-13
rs12300276,A,G,A,G,0.01996,0.0268882,0.2369,0.266165,110260160,0.0766902,0.0151892,outcome,reported,textfile,0.002998,2.75422870333816e-11,exposure,reported,textfile,2.75422870333816e-11
rs1230692,A,G,A,G,0.02282,0.00435256,0.1188,0.188641,123905114,0.799479,0.0171346,outcome,reported,textfile,0.003998,1.1561122421921e-08,exposure,reported,textfile,1.1561122421921e-08
rs12375196,A,C,A,C,0.02247,-0.00679561,0.424,0.465691,103776094,0.613663,0.0134606,outcome,reported,textfile,0.002589,3.98107170553499e-18,exposure,reported,textfile,3.98107170553499e-18
rs12465492,A,G,A,G,-0.01541,-0.00583082,0.3876,0.349127,143719626,0.679462,0.0141115,outcome,reported,textfile,0.002624,4.32513831035008e-09,exposure,reported,textfile,4.32513831035008e-09
rs12477385,T,G,T,G,-0.01999,-0.0427042,0.2271,0.253657,165288340,0.00588112,0.0155043,outcome,reported,textfile,0.003047,5.37031796370253e-11,exposure,reported,textfile,5.37031796370253e-11
rs12530388,C,A,C,A,-0.01479,-0.0149132,0.5179,0.502347,100881297,0.266193,0.0134127,outcome,reported,textfile,0.002549,6.5765783735542e-09,exposure,reported,textfile,6.5765783735542e-09
rs12575252,C,G,C,G,-0.01841,-0.0109467,0.3454,0.353147,8672526,0.436532,0.0140692,outcome,reported,textfile,0.00269,7.76247116628693e-12,exposure,reported,textfile,7.76247116628693e-12
rs1263629,G,A,G,A,0.02257,-0.00900382,0.1447,0.0996166,207072187,0.688456,0.0224561,outcome,reported,textfile,0.003637,5.44502652842422e-10,exposure,reported,textfile,5.44502652842422e-10
rs1266876,T,C,T,C,0.01845,0.0361034,0.3495,0.483801,51916782,0.00733652,0.0134655,outcome,reported,textfile,0.002668,4.57088189614875e-12,exposure,reported,textfile,4.57088189614875e-12
rs12679106,T,G,T,G,-0.02327,-0.00416767,0.7105,0.734424,72530963,0.783538,0.0151711,outcome,reported,textfile,0.002818,1.47910838816821e-16,exposure,reported,textfile,1.47910838816821e-16
rs1268792,A,G,A,G,-0.01452,-0.0160585,0.398,0.4336,125720978,0.23637,0.0135617,outcome,reported,textfile,0.002614,2.76057785622035e-08,exposure,reported,textfile,2.76057785622035e-08
rs1283032,C,T,C,T,-0.02615,0.0113959,0.5878,0.530014,136177315,0.39762,0.0134723,outcome,reported,textfile,0.002618,1.69824365246175e-23,exposure,reported,textfile,1.69824365246175e-23
rs12881629,G,A,G,A,0.03298,-0.0130872,0.08214,0.0781959,100680076,0.600914,0.0250192,outcome,reported,textfile,0.004628,1.0471285480509e-12,exposure,reported,textfile,1.0471285480509e-12
rs12885458,G,T,G,T,-0.01928,-0.0122996,0.5101,0.589846,46833911,0.367588,0.013651,outcome,reported,textfile,0.002548,3.80189396320561e-14,exposure,reported,textfile,3.80189396320561e-14
rs12889639,A,G,A,G,0.01795,0.0191005,0.6537,0.695607,103393869,0.191262,0.0146157,outcome,reported,textfile,0.002675,1.94984459975804e-11,exposure,reported,textfile,1.94984459975804e-11
rs13076052,G,C,G,C,0.01781,0.00645556,0.2769,0.361072,44415081,0.644192,0.0139777,outcome,reported,textfile,0.002863,4.94310686986836e-10,exposure,reported,textfile,4.94310686986836e-10
rs13106834,G,A,G,A,-0.01672,-0.0324816,0.4892,0.469144,54635561,0.0159434,0.0134767,outcome,reported,textfile,0.002541,4.67735141287198e-11,exposure,reported,textfile,4.67735141287198e-11
rs13107325,T,C,T,C,0.06629,0.0824214,0.07459,0.0140244,102267552,0.158852,0.0584988,outcome,reported,textfile,0.004848,1.47910838816821e-42,exposure,reported,textfile,1.47910838816821e-42
rs13163306,A,G,A,G,-0.01403,0.0245646,0.4661,0.492648,137236270,0.0669037,0.0134063,outcome,reported,textfile,0.002552,3.83707245492279e-08,exposure,reported,textfile,3.83707245492279e-08
rs13176429,C,T,C,T,0.01552,-0.0211902,0.6867,0.559279,43152114,0.117279,0.0135289,outcome,reported,textfile,0.002742,1.51008015416415e-08,exposure,reported,textfile,1.51008015416415e-08
rs1320903,A,G,A,G,0.02769,-0.00677276,0.3189,0.293636,132039233,0.646712,0.0147769,outcome,reported,textfile,0.002733,3.98107170553499e-24,exposure,reported,textfile,3.98107170553499e-24
rs13210756,A,T,A,T,-0.02582,-0.0120577,0.129,0.0917407,162587998,0.605466,0.0233426,outcome,reported,textfile,0.003867,2.45470891568503e-11,exposure,reported,textfile,2.45470891568503e-11
rs1327259,G,A,G,A,-0.01724,0.000410945,0.3858,0.459216,51313013,0.975732,0.0135091,outcome,reported,textfile,0.002623,4.89778819368446e-11,exposure,reported,textfile,4.89778819368446e-11
rs1330199,T,G,T,G,-0.01603,0.0137356,0.4821,0.518511,27760948,0.306692,0.0134374,outcome,reported,textfile,0.002555,3.53997341083434e-10,exposure,reported,textfile,3.53997341083434e-10
rs13427822,G,A,G,A,-0.02619,0.00183826,0.2722,0.305631,212549541,0.900348,0.01468,outcome,reported,textfile,0.002891,1.31825673855641e-19,exposure,reported,textfile,1.31825673855641e-19
rs140159717,T,C,T,C,-0.03017,-0.0447955,0.08276,0.104989,73473245,0.0404483,0.0218606,outcome,reported,textfile,0.00475,2.1183611352485e-10,exposure,reported,textfile,2.1183611352485e-10
rs143348557,C,T,C,T,-0.03173,0.000630998,0.05531,0.146552,125560018,0.973364,0.018898,outcome,reported,textfile,0.00559,1.37088176616485e-08,exposure,reported,textfile,1.37088176616485e-08
rs1436348,G,A,G,A,0.01781,-0.0151385,0.5823,0.632123,104893824,0.277397,0.0139373,outcome,reported,textfile,0.002579,5.01187233627272e-12,exposure,reported,textfile,5.01187233627272e-12
rs1438945,A,T,A,T,-0.01948,0.000680006,0.714,0.753569,153131377,0.965338,0.0156481,outcome,reported,textfile,0.002826,5.49540873857625e-12,exposure,reported,textfile,5.49540873857625e-12
rs1441264,A,G,A,G,0.02237,-0.0247685,0.592,0.670676,79006784,0.0842636,0.0143464,outcome,reported,textfile,0.002644,2.63026799189539e-17,exposure,reported,textfile,2.63026799189539e-17
rs144971791,G,A,G,A,0.04832,-0.0632276,0.02587,0.00447473,49708110,0.550928,0.106021,outcome,reported,textfile,0.008166,3.27340694878839e-09,exposure,reported,textfile,3.27340694878839e-09
rs1458156,T,C,T,C,0.01687,0.00411084,0.4885,0.469231,41494138,0.76102,0.0135162,outcome,reported,textfile,0.002547,3.46736850452531e-11,exposure,reported,textfile,3.46736850452531e-11
rs145887639,A,C,A,C,-0.03929,-0.0276914,0.04146,0.0171177,37662347,0.60511,0.0535548,outcome,reported,textfile,0.006819,8.33681184619633e-09,exposure,reported,textfile,8.33681184619633e-09
rs1465900,C,A,C,A,-0.02245,0.000264022,0.2132,0.208295,76762094,0.987306,0.0165939,outcome,reported,textfile,0.003143,9.12010839355912e-13,exposure,reported,textfile,9.12010839355912e-13
rs1470749,T,G,T,G,-0.01555,0.00212707,0.5104,0.431324,50510325,0.875508,0.0135771,outcome,reported,textfile,0.002548,1.04231742939331e-09,exposure,reported,textfile,1.04231742939331e-09
rs1477290,C,T,C,T,0.04498,-0.0190952,0.1358,0.121614,88693117,0.35242,0.0205346,outcome,reported,textfile,0.003746,3.16227766016838e-33,exposure,reported,textfile,3.16227766016838e-33
rs147730268,T,G,T,G,-0.03805,0.0555115,0.08825,0.0840136,122539929,0.0223213,0.0242954,outcome,reported,textfile,0.00459,1.12201845430197e-16,exposure,reported,textfile,1.12201845430197e-16
rs149617619,A,C,A,C,-0.02272,0.0207166,0.1091,0.0518746,34915864,0.498542,0.0306103,outcome,reported,textfile,0.004107,3.18419752172613e-08,exposure,reported,textfile,3.18419752172613e-08
rs1499984,T,G,T,G,0.01664,-0.0122041,0.6889,0.639021,118119216,0.382804,0.0139836,outcome,reported,textfile,0.002767,1.82810021614274e-09,exposure,reported,textfile,1.82810021614274e-09
rs150215901,A,T,A,T,-0.0415,0.0228989,0.04334,0.0261822,51640069,0.589656,0.0424577,outcome,reported,textfile,0.006342,6.02559586074357e-11,exposure,reported,textfile,6.02559586074357e-11
rs1504797,C,T,C,T,-0.01586,0.00848029,0.3042,0.317264,88422176,0.556039,0.0144042,outcome,reported,textfile,0.00277,1.02565192625141e-08,exposure,reported,textfile,1.02565192625141e-08
rs1559900,T,C,T,C,0.01648,0.0252277,0.2857,0.255387,14349812,0.102678,0.0154581,outcome,reported,textfile,0.002815,4.79733448636688e-09,exposure,reported,textfile,4.79733448636688e-09
rs156201,C,G,C,G,0.01948,-0.0159979,0.7544,0.626284,104399566,0.249032,0.0138786,outcome,reported,textfile,0.002953,4.16869383470335e-11,exposure,reported,textfile,4.16869383470335e-11
rs157256,G,A,G,A,0.01804,-0.0103246,0.5555,0.595731,16514605,0.451243,0.0137051,outcome,reported,textfile,0.002697,2.29086765276777e-11,exposure,reported,textfile,2.29086765276777e-11
rs1582931,A,G,A,G,-0.01798,0.0189025,0.4726,0.514559,123321505,0.159409,0.013434,outcome,reported,textfile,0.00257,2.63026799189538e-12,exposure,reported,textfile,2.63026799189538e-12
rs159037,C,T,C,T,0.01713,-0.0187047,0.2559,0.227892,94861772,0.244534,0.0160731,outcome,reported,textfile,0.002913,4.13047501990161e-09,exposure,reported,textfile,4.13047501990161e-09
rs168144,T,C,T,C,0.01635,0.00530794,0.5715,0.616933,60622063,0.7003,0.0137899,outcome,reported,textfile,0.002573,2.10377843976648e-10,exposure,reported,textfile,2.10377843976648e-10
rs16826572,C,G,C,G,-0.02092,0.0241961,0.1517,0.160656,156579791,0.181759,0.0181195,outcome,reported,textfile,0.00355,3.75837404288444e-09,exposure,reported,textfile,3.75837404288444e-09
rs16846140,G,A,G,A,0.01977,0.000818635,0.3384,0.334721,211427796,0.954252,0.0142698,outcome,reported,textfile,0.002694,2.13796208950223e-13,exposure,reported,textfile,2.13796208950223e-13
rs16916303,G,A,G,A,-0.02915,9.80566e-05,0.1197,0.127772,30823763,0.996112,0.0201239,outcome,reported,textfile,0.003961,1.86208713666287e-13,exposure,reported,textfile,1.86208713666287e-13
rs17014332,C,T,C,T,0.02258,0.0111448,0.2108,0.192971,209347105,0.513599,0.0170607,outcome,reported,textfile,0.003117,4.36515832240167e-13,exposure,reported,textfile,4.36515832240167e-13
rs17085463,A,G,A,G,-0.01684,0.00920288,0.3176,0.326609,64874669,0.52228,0.0143832,outcome,reported,textfile,0.002752,9.33254300796992e-10,exposure,reported,textfile,9.33254300796992e-10
rs1711171,C,T,C,T,0.02481,-0.0481007,0.7499,0.845434,136301699,0.0100489,0.0186861,outcome,reported,textfile,0.002943,3.38844156139203e-17,exposure,reported,textfile,3.38844156139203e-17
rs17115481,A,G,A,G,-0.01685,-0.0101461,0.268,0.300099,153978666,0.488077,0.014633,outcome,reported,textfile,0.002879,4.841723675841e-09,exposure,reported,textfile,4.841723675841e-09
rs17132130,C,G,C,G,-0.02459,-0.0242203,0.2193,0.302835,2068401,0.0966629,0.0145795,outcome,reported,textfile,0.003081,1.47910838816821e-15,exposure,reported,textfile,1.47910838816821e-15
rs17399739,G,A,G,A,0.03614,-0.0299501,0.06957,0.0864657,85731093,0.206668,0.0237176,outcome,reported,textfile,0.005008,5.24807460249773e-13,exposure,reported,textfile,5.24807460249773e-13
rs17522122,T,G,T,G,0.02075,-0.0148113,0.4712,0.452733,32833676,0.274894,0.0135652,outcome,reported,textfile,0.002557,4.89778819368446e-16,exposure,reported,textfile,4.89778819368446e-16
rs17544384,C,T,C,T,0.01903,-0.0136989,0.2107,0.18979,114752539,0.424005,0.0171345,outcome,reported,textfile,0.003116,1.02329299228075e-09,exposure,reported,textfile,1.02329299228075e-09
rs17647963,A,G,A,G,0.01816,-0.018718,0.2017,0.178593,27054578,0.289664,0.0176775,outcome,reported,textfile,0.003264,2.63026799189538e-08,exposure,reported,textfile,2.63026799189538e-08
rs17716502,T,C,T,C,-0.02816,0.0276073,0.2068,0.192517,115647504,0.105045,0.0170324,outcome,reported,textfile,0.003166,5.88843655355588e-19,exposure,reported,textfile,5.88843655355588e-19
rs17717829,C,T,C,T,-0.0148,-0.00803984,0.4548,0.558809,159043055,0.552515,0.0135352,outcome,reported,textfile,0.002558,7.16143410212903e-09,exposure,reported,textfile,7.16143410212903e-09
rs17747268,C,A,C,A,0.04584,-0.0472359,0.03148,0.0279361,71006431,0.243177,0.0404735,outcome,reported,textfile,0.007289,3.1988951096914e-10,exposure,reported,textfile,3.1988951096914e-10
rs17770336,T,C,T,C,0.033,-0.00517814,0.3239,0.37529,28414627,0.708468,0.0138484,outcome,reported,textfile,0.002715,5.37031796370249e-34,exposure,reported,textfile,5.37031796370249e-34
rs1778830,A,G,A,G,0.01533,0.013229,0.3628,0.276284,156520182,0.380895,0.0150974,outcome,reported,textfile,0.002653,7.49894209332456e-09,exposure,reported,textfile,7.49894209332456e-09
rs1840126,C,A,C,A,-0.01693,-0.000345676,0.5623,0.528393,235988121,0.979486,0.0134435,outcome,reported,textfile,0.002565,4.07380277804112e-11,exposure,reported,textfile,4.07380277804112e-11
rs1840660,A,G,A,G,0.02263,0.0150333,0.3918,0.406119,114712560,0.271389,0.0136683,outcome,reported,textfile,0.002624,6.45654229034654e-18,exposure,reported,textfile,6.45654229034654e-18
rs1852006,A,G,A,G,-0.01811,0.0215481,0.3564,0.366851,78200451,0.121116,0.0139011,outcome,reported,textfile,0.002654,8.91250938133744e-12,exposure,reported,textfile,8.91250938133744e-12
rs1865155,T,C,T,C,0.0158,0.00316599,0.3041,0.285173,82035813,0.830908,0.0148264,outcome,reported,textfile,0.00278,1.32129563418658e-08,exposure,reported,textfile,1.32129563418658e-08
rs1867073,A,G,A,G,-0.02487,-0.0159174,0.3036,0.346244,98033255,0.260075,0.0141336,outcome,reported,textfile,0.002786,4.36515832240167e-19,exposure,reported,textfile,4.36515832240167e-19
rs189383553,A,T,A,T,0.03401,-0.0565317,0.06998,0.0104873,177425479,0.389955,0.0657576,outcome,reported,textfile,0.005259,1e-10,exposure,reported,textfile,1e-10
rs1919243,C,T,C,T,0.01588,-0.0296095,0.4872,0.427574,89483044,0.0297016,0.0136196,outcome,reported,textfile,0.002577,7.21107479182901e-10,exposure,reported,textfile,7.21107479182901e-10
rs1928496,T,C,T,C,0.0219,0.0102903,0.7424,0.684232,30438767,0.477252,0.0144786,outcome,reported,textfile,0.002908,5.01187233627271e-14,exposure,reported,textfile,5.01187233627271e-14
rs1933440,C,A,C,A,0.02114,-0.0295684,0.1622,0.162603,28102834,0.10552,0.0182671,outcome,reported,textfile,0.003482,1.26473634747115e-09,exposure,reported,textfile,1.26473634747115e-09
rs1951456,C,T,C,T,0.02223,0.0235656,0.7165,0.746897,91045996,0.126694,0.0154299,outcome,reported,textfile,0.002831,4.07380277804112e-15,exposure,reported,textfile,4.07380277804112e-15
rs1954570,G,A,G,A,-0.01814,0.0346171,0.8051,0.832483,62422316,0.0548403,0.0180284,outcome,reported,textfile,0.003219,1.74984668862466e-08,exposure,reported,textfile,1.74984668862466e-08
rs197374,T,C,T,C,0.02132,0.0153206,0.3806,0.45963,111747361,0.254639,0.0134491,outcome,reported,textfile,0.00262,3.98107170553497e-16,exposure,reported,textfile,3.98107170553497e-16
rs200674450,A,G,A,G,-0.04307,0.0904312,0.02935,0.00982829,131676662,0.201293,0.0707668,outcome,reported,textfile,0.007783,3.13328572431559e-08,exposure,reported,textfile,3.13328572431559e-08
rs2033530,G,A,G,A,0.01814,0.000512231,0.4049,0.363321,40380179,0.970721,0.0139556,outcome,reported,textfile,0.0026,3.01995172040202e-12,exposure,reported,textfile,3.01995172040202e-12
rs2051559,C,T,C,T,0.03007,0.0176263,0.1329,0.110405,3297073,0.416084,0.0216743,outcome,reported,textfile,0.003761,1.28824955169313e-15,exposure,reported,textfile,1.28824955169313e-15
rs2075466,C,G,C,G,0.01959,0.00991494,0.2654,0.210577,4822969,0.552168,0.0166773,outcome,reported,textfile,0.002886,1.12201845430197e-11,exposure,reported,textfile,1.12201845430197e-11
rs2095484,C,T,C,T,-0.01944,0.00548555,0.3884,0.351343,11452408,0.696556,0.0140665,outcome,reported,textfile,0.002614,1.02329299228075e-13,exposure,reported,textfile,1.02329299228075e-13
rs215634,G,A,G,A,-0.01715,0.00353677,0.6137,0.713877,32329536,0.814164,0.0150464,outcome,reported,textfile,0.002621,6.02559586074357e-11,exposure,reported,textfile,6.02559586074357e-11
rs2156675,A,G,A,G,0.02193,-0.00554048,0.7693,0.878699,133837614,0.790937,0.0209,outcome,reported,textfile,0.003044,5.75439937337157e-13,exposure,reported,textfile,5.75439937337157e-13
rs2174267,C,T,C,T,0.01682,0.00426677,0.5192,0.506215,15604328,0.750945,0.0134431,outcome,reported,textfile,0.002548,4.07380277804112e-11,exposure,reported,textfile,4.07380277804112e-11
rs217576,A,G,A,G,0.02179,-0.000244084,0.1211,0.0591704,14882805,0.993301,0.0290728,outcome,reported,textfile,0.003961,3.76703798983909e-08,exposure,reported,textfile,3.76703798983909e-08
rs217672,C,A,C,A,0.02119,0.0363005,0.2725,0.212661,61894303,0.0273055,0.016447,outcome,reported,textfile,0.002864,1.34896288259166e-13,exposure,reported,textfile,1.34896288259166e-13
rs2181350,G,A,G,A,0.01608,0.00454591,0.7139,0.730444,5976626,0.764487,0.0151736,outcome,reported,textfile,0.002842,1.53461698279929e-08,exposure,reported,textfile,1.53461698279929e-08
rs2234458,T,C,T,C,-0.0246,-0.0183079,0.6387,0.696928,65871903,0.211445,0.014651,outcome,reported,textfile,0.002644,1.34896288259165e-20,exposure,reported,textfile,1.34896288259165e-20
rs2292238,C,A,C,A,-0.01889,-0.00974602,0.4084,0.392668,56100038,0.47788,0.0137323,outcome,reported,textfile,0.002592,3.09029543251359e-13,exposure,reported,textfile,3.09029543251359e-13
rs2307111,C,T,C,T,-0.0368,0.0366328,0.3933,0.425533,75707853,0.00689843,0.0135591,outcome,reported,textfile,0.002607,3.01995172040199e-45,exposure,reported,textfile,3.01995172040199e-45
rs236660,C,T,C,T,0.02849,0.0262132,0.5705,0.48526,75420803,0.0511187,0.0134393,outcome,reported,textfile,0.00267,1.41253754462275e-26,exposure,reported,textfile,1.41253754462275e-26
rs2450445,A,G,A,G,-0.02069,0.0217522,0.3239,0.308043,91278773,0.137194,0.0146349,outcome,reported,textfile,0.002715,2.51188643150958e-14,exposure,reported,textfile,2.51188643150958e-14
rs2468964,G,T,G,T,-0.016,-0.0326329,0.5998,0.594364,38475544,0.0169543,0.0136671,outcome,reported,textfile,0.002593,6.88652296344275e-10,exposure,reported,textfile,6.88652296344275e-10
rs252748,T,C,T,C,-0.0154,-0.0153766,0.5903,0.578838,78094670,0.259356,0.0136328,outcome,reported,textfile,0.002599,3.09741929921658e-09,exposure,reported,textfile,3.09741929921658e-09
rs252818,T,C,T,C,0.02077,-0.0325849,0.8168,0.86157,107389990,0.0947807,0.0195036,outcome,reported,textfile,0.00331,3.49945167028358e-10,exposure,reported,textfile,3.49945167028358e-10
rs2568958,A,G,A,G,0.02662,0.0322742,0.6004,0.645275,72299433,0.0217776,0.0140676,outcome,reported,textfile,0.002594,1.0471285480509e-24,exposure,reported,textfile,1.0471285480509e-24
rs2606227,C,T,C,T,-0.01452,-0.0179695,0.6298,0.557828,183819048,0.185206,0.0135629,outcome,reported,textfile,0.002662,4.93173803954935e-08,exposure,reported,textfile,4.93173803954935e-08
rs2616192,T,G,T,G,0.01959,-0.0153064,0.6727,0.612965,20811113,0.266019,0.0137613,outcome,reported,textfile,0.002725,6.60693448007596e-13,exposure,reported,textfile,6.60693448007596e-13
rs2678204,G,T,G,T,0.0305,-0.00154938,0.3421,0.297722,201831383,0.916051,0.0146987,outcome,reported,textfile,0.002687,7.24435960074989e-30,exposure,reported,textfile,7.24435960074989e-30
rs2722885,T,C,T,C,-0.01604,0.00287593,0.5065,0.556935,94683902,0.831338,0.0135029,outcome,reported,textfile,0.002543,2.81838293126445e-10,exposure,reported,textfile,2.81838293126445e-10
rs2725371,G,A,G,A,-0.02134,0.0224299,0.6963,0.738172,30996517,0.144591,0.0153745,outcome,reported,textfile,0.002776,1.51356124843621e-14,exposure,reported,textfile,1.51356124843621e-14
rs2764261,G,A,G,A,0.02307,-0.0178823,0.6276,0.577293,108606639,0.188698,0.0136045,outcome,reported,textfile,0.002636,2.08929613085404e-18,exposure,reported,textfile,2.08929613085404e-18
rs2781668,T,C,T,C,0.02557,0.00779348,0.1668,0.230249,131576138,0.623907,0.0158947,outcome,reported,textfile,0.003415,7.07945784384137e-14,exposure,reported,textfile,7.07945784384137e-14
rs2791149,C,T,C,T,0.01681,0.0215075,0.2527,0.271894,163610165,0.155293,0.0151346,outcome,reported,textfile,0.002916,8.14704284020839e-09,exposure,reported,textfile,8.14704284020839e-09
rs2791643,T,C,T,C,-0.01944,-0.0106275,0.7633,0.772008,11147212,0.507437,0.0160334,outcome,reported,textfile,0.002994,8.51138038202376e-11,exposure,reported,textfile,8.51138038202376e-11
rs28587941,C,T,C,T,-0.03826,0.00449452,0.2237,0.162118,67830171,0.805192,0.0182235,outcome,reported,textfile,0.003049,4.16869383470333e-36,exposure,reported,textfile,4.16869383470333e-36
rs2861685,C,T,C,T,-0.02308,-0.0199931,0.4117,0.41397,67610421,0.141375,0.0135943,outcome,reported,textfile,0.002581,3.8018939632056e-19,exposure,reported,textfile,3.8018939632056e-19
rs2862996,T,G,T,G,-0.03172,-0.0242694,0.6899,0.692635,43632283,0.0950036,0.0145363,outcome,reported,textfile,0.002753,1e-30,exposure,reported,textfile,1e-30
rs286511,C,T,C,T,0.02051,0.0235588,0.8391,0.752536,85513755,0.128786,0.0155104,outcome,reported,textfile,0.003461,3.10455958812836e-09,exposure,reported,textfile,3.10455958812836e-09
rs28678108,G,A,G,A,-0.0142,-0.00804005,0.4476,0.402258,94069510,0.558264,0.0137338,outcome,reported,textfile,0.002588,4.07380277804113e-08,exposure,reported,textfile,4.07380277804113e-08
rs2875762,C,G,C,G,0.01875,-0.022431,0.2412,0.109645,124603886,0.300278,0.021655,outcome,reported,textfile,0.002986,3.38064836205982e-10,exposure,reported,textfile,3.38064836205982e-10
rs291269,G,A,G,A,0.01579,-0.000664876,0.3237,0.34094,10043773,0.962407,0.0141062,outcome,reported,textfile,0.002719,6.35330931851745e-09,exposure,reported,textfile,6.35330931851745e-09
rs2952863,G,T,G,T,-0.01795,-0.0023536,0.7113,0.740696,129838492,0.877975,0.0153292,outcome,reported,textfile,0.002803,1.51008015416415e-10,exposure,reported,textfile,1.51008015416415e-10
rs2954021,G,A,G,A,0.01476,0.00368523999999999,0.5058,0.534664,125469835,0.783942,0.0134407,outcome,reported,textfile,0.002544,6.56145266302906e-09,exposure,reported,textfile,6.56145266302906e-09
rs2975721,T,A,T,A,0.0226,-0.0359688,0.1879,0.138888,10239916,0.0668698,0.0196278,outcome,reported,textfile,0.003271,4.89778819368446e-12,exposure,reported,textfile,4.89778819368446e-12
rs312925,A,G,A,G,-0.01874,0.00631738,0.2801,0.204977,171707412,0.704257,0.016643,outcome,reported,textfile,0.002834,3.80189396320561e-11,exposure,reported,textfile,3.80189396320561e-11
rs317656,A,T,A,T,-0.01916,-0.0227433,0.7256,0.646669,69287321,0.104941,0.0140274,outcome,reported,textfile,0.002853,1.86208713666287e-11,exposure,reported,textfile,1.86208713666287e-11
rs329124,G,A,G,A,-0.02116,-0.024685,0.4194,0.425604,134529762,0.0696835,0.0136083,outcome,reported,textfile,0.002582,2.51188643150958e-16,exposure,reported,textfile,2.51188643150958e-16
rs33514,A,G,A,G,-0.01929,0.00880207,0.5954,0.581645,42394923,0.517635,0.0136046,outcome,reported,textfile,0.002614,1.58489319246111e-13,exposure,reported,textfile,1.58489319246111e-13
rs34292685,T,C,T,C,-0.02617,-0.00906341,0.1623,0.158301,64281549,0.622004,0.0183837,outcome,reported,textfile,0.003447,3.16227766016838e-14,exposure,reported,textfile,3.16227766016838e-14
rs34341750,G,C,G,C,-0.02549,-0.028636,0.1442,0.0729256,35468333,0.268854,0.0258984,outcome,reported,textfile,0.00365,2.88403150312661e-12,exposure,reported,textfile,2.88403150312661e-12
rs34517439,A,C,A,C,0.04723,0.0132219,0.1243,0.128204,77984833,0.512472,0.0201864,outcome,reported,textfile,0.003906,1.14815362149689e-33,exposure,reported,textfile,1.14815362149689e-33
rs34774377,C,T,C,T,-0.02431,0.00204305,0.1204,0.106625,167574885,0.926452,0.0221324,outcome,reported,textfile,0.003908,4.92039535681451e-10,exposure,reported,textfile,4.92039535681451e-10
rs34811474,A,G,A,G,-0.04043,-0.0133312,0.2319,0.230683,25407216,0.405753,0.0160348,outcome,reported,textfile,0.003013,4.677351412872e-41,exposure,reported,textfile,4.677351412872e-41
rs34847111,T,C,T,C,0.01762,-0.00225927,0.2537,0.260008,132766583,0.88205,0.0152272,outcome,reported,textfile,0.002944,2.13304491314658e-09,exposure,reported,textfile,2.13304491314658e-09
rs34930419,C,T,C,T,0.05736,-0.0170032,0.03352,0.0467959,33698401,0.591431,0.0316772,outcome,reported,textfile,0.007141,9.54992586021437e-16,exposure,reported,textfile,9.54992586021437e-16
rs35364449,T,C,T,C,0.02995,-5.10E-05,0.1113,0.140052,73985785,0.997904,0.0194352,outcome,reported,textfile,0.004066,1.77827941003892e-13,exposure,reported,textfile,1.77827941003892e-13
rs35483388,T,C,T,C,0.01783,0.0227367,0.3797,0.410696,122674438,0.0967943,0.0136919,outcome,reported,textfile,0.002634,1.28824955169313e-11,exposure,reported,textfile,1.28824955169313e-11
rs357501,A,G,A,G,0.02149,-0.0191985,0.3769,0.413992,154235651,0.158847,0.013626,outcome,reported,textfile,0.002639,3.89045144994281e-16,exposure,reported,textfile,3.89045144994281e-16
rs35882248,T,C,T,C,0.0246,-0.00609409,0.3152,0.317207,229763239,0.672653,0.0144235,outcome,reported,textfile,0.002742,2.88403150312661e-19,exposure,reported,textfile,2.88403150312661e-19
rs35979968,T,C,T,C,0.01626,-0.0347297,0.278,0.209368,48050845,0.0367976,0.016633,outcome,reported,textfile,0.002837,1.0023052380779e-08,exposure,reported,textfile,1.0023052380779e-08
rs36090025,C,A,C,A,-0.02119,-0.00726634,0.2996,0.19467,113014674,0.670752,0.0170926,outcome,reported,textfile,0.002777,2.34422881531992e-14,exposure,reported,textfile,2.34422881531992e-14
rs3771653,T,C,T,C,0.01497,0.00397478,0.6272,0.571335,158627299,0.769198,0.0135462,outcome,reported,textfile,0.002635,1.34586035405595e-08,exposure,reported,textfile,1.34586035405595e-08
rs3803286,G,A,G,A,-0.0233,-0.0223673,0.6665,0.66367,102780133,0.115746,0.0142206,outcome,reported,textfile,0.002696,5.49540873857623e-18,exposure,reported,textfile,5.49540873857623e-18
rs3821709,C,T,C,T,0.04587,-0.0115513,0.06633,0.0484906,141561431,0.711482,0.0312309,outcome,reported,textfile,0.005115,3.01995172040202e-19,exposure,reported,textfile,3.01995172040202e-19
rs3845344,T,C,T,C,0.02083,0.00591632,0.3922,0.431691,74535796,0.662738,0.0135653,outcome,reported,textfile,0.002605,1.3182567385564e-15,exposure,reported,textfile,1.3182567385564e-15
rs3853474,T,C,T,C,-0.01435,-0.000414511,0.3765,0.376762,142436990,0.976075,0.0138214,outcome,reported,textfile,0.002623,4.45656248397503e-08,exposure,reported,textfile,4.45656248397503e-08
rs3900422,C,T,C,T,0.01542,-0.010933,0.5352,0.548401,14898776,0.417328,0.0134798,outcome,reported,textfile,0.002548,1.42232878712282e-09,exposure,reported,textfile,1.42232878712282e-09
rs3901286,A,C,A,C,-0.0296,-0.0140206,0.1518,0.223417,99510104,0.383071,0.016074,outcome,reported,textfile,0.003551,7.76247116628693e-17,exposure,reported,textfile,7.76247116628693e-17
rs3911063,C,T,C,T,-0.02425,0.0075021,0.3225,0.361443,85857778,0.590873,0.0139555,outcome,reported,textfile,0.002727,6.02559586074359e-19,exposure,reported,textfile,6.02559586074359e-19
rs40071,C,T,C,T,-0.03529,-0.022286,0.1796,0.21326,108160401,0.175717,0.0164586,outcome,reported,textfile,0.003322,2.39883291901949e-26,exposure,reported,textfile,2.39883291901949e-26
rs4072917,A,G,A,G,0.01838,0.0143237,0.475,0.440587,142218918,0.289919,0.0135346,outcome,reported,textfile,0.002557,6.60693448007596e-13,exposure,reported,textfile,6.60693448007596e-13
rs4088476,T,C,T,C,0.01501,-0.00888138,0.6608,0.638865,34910063,0.525087,0.0139749,outcome,reported,textfile,0.002688,2.32809125766501e-08,exposure,reported,textfile,2.32809125766501e-08
rs41279738,G,T,G,T,0.08847,-0.0286747,0.02597,0.0563858,109539929,0.322874,0.0290063,outcome,reported,textfile,0.008036,3.46736850452531e-28,exposure,reported,textfile,3.46736850452531e-28
rs41310284,A,C,A,C,-0.04141,-0.00894285,0.1018,0.0853696,100687890,0.708918,0.0239555,outcome,reported,textfile,0.004236,1.44543977074593e-22,exposure,reported,textfile,1.44543977074593e-22
rs4148155,G,A,G,A,-0.02589,-0.0247433,0.1138,0.0751891,88133515,0.333778,0.0256001,outcome,reported,textfile,0.004002,9.77237220955811e-11,exposure,reported,textfile,9.77237220955811e-11
rs4261944,G,T,G,T,0.01848,-0.00481185,0.3635,0.301093,31002014,0.743129,0.0146831,outcome,reported,textfile,0.002653,3.23593656929628e-12,exposure,reported,textfile,3.23593656929628e-12
rs4377469,T,G,T,G,0.02847,-0.0235774,0.8861,0.908186,42261582,0.320843,0.0237501,outcome,reported,textfile,0.003997,1.0471285480509e-12,exposure,reported,textfile,1.0471285480509e-12
rs4474229,A,G,A,G,-0.0189,-0.00231376,0.3727,0.337671,195067871,0.870565,0.0142,outcome,reported,textfile,0.002629,6.60693448007596e-13,exposure,reported,textfile,6.60693448007596e-13
rs4482463,A,C,A,C,-0.03608,-0.0111323,0.9238,0.940473,204511186,0.69517,0.0284098,outcome,reported,textfile,0.004809,6.30957344480194e-14,exposure,reported,textfile,6.30957344480194e-14
rs4595495,G,A,G,A,0.02093,-0.00120856,0.4216,0.443648,51913526,0.928711,0.0135086,outcome,reported,textfile,0.002581,5.01187233627272e-16,exposure,reported,textfile,5.01187233627272e-16
rs4619804,C,A,C,A,0.01784,0.0430537,0.7391,0.660365,18633152,0.00242214,0.0141955,outcome,reported,textfile,0.002911,8.91250938133744e-10,exposure,reported,textfile,8.91250938133744e-10
rs4625852,A,G,A,G,-0.01985,0.0240364,0.2066,0.222547,235854207,0.136197,0.0161307,outcome,reported,textfile,0.00315,2.93764965196153e-10,exposure,reported,textfile,2.93764965196153e-10
rs4648450,A,C,A,C,-0.01537,0.0109274,0.4662,0.447915,2806649,0.41978,0.0135441,outcome,reported,textfile,0.002567,2.12813904598271e-09,exposure,reported,textfile,2.12813904598271e-09
rs4652839,G,C,G,C,0.01605,0.0167781,0.6736,0.664036,33319328,0.238377,0.0142301,outcome,reported,textfile,0.002715,3.40408189701001e-09,exposure,reported,textfile,3.40408189701001e-09
rs4653392,T,C,T,C,-0.01469,0.0222644,0.3894,0.37108,34130135,0.108959,0.0138902,outcome,reported,textfile,0.002607,1.7458221529205e-08,exposure,reported,textfile,1.7458221529205e-08
rs4658403,T,C,T,C,-0.02817,0.0123691,0.8344,0.819929,243669258,0.479428,0.0174897,outcome,reported,textfile,0.003427,2.04173794466953e-16,exposure,reported,textfile,2.04173794466953e-16
rs4671328,G,T,G,T,-0.02724,-0.00455744,0.5503,0.599605,58708147,0.739123,0.0136855,outcome,reported,textfile,0.002579,4.46683592150962e-26,exposure,reported,textfile,4.46683592150962e-26
rs4722398,T,C,T,C,0.0254,-0.0204373,0.136,0.069927,3085586,0.445539,0.0267899,outcome,reported,textfile,0.0037,6.60693448007597e-12,exposure,reported,textfile,6.60693448007597e-12
rs4745686,G,A,G,A,0.01421,-0.0223138,0.4661,0.475041,78003458,0.0970085,0.0134458,outcome,reported,textfile,0.00255,2.50610925303211e-08,exposure,reported,textfile,2.50610925303211e-08
rs4778918,C,T,C,T,-0.01663,-0.00953986,0.4224,0.414876,79141698,0.482978,0.0135988,outcome,reported,textfile,0.002576,1.08143395129794e-10,exposure,reported,textfile,1.08143395129794e-10
rs4858207,C,T,C,T,-0.01746,-0.0213764,0.4578,0.407961,20464737,0.117696,0.0136633,outcome,reported,textfile,0.002554,8.128305161641e-12,exposure,reported,textfile,8.128305161641e-12
rs525101,C,T,C,T,0.01802,0.000618941,0.3717,0.444253,111317381,0.963481,0.0135182,outcome,reported,textfile,0.002637,8.128305161641e-12,exposure,reported,textfile,8.128305161641e-12
rs529200,G,A,G,A,0.0236,0.0193209,0.5266,0.560942,173396515,0.152515,0.0135045,outcome,reported,textfile,0.002551,2.18776162394955e-20,exposure,reported,textfile,2.18776162394955e-20
rs539515,C,A,C,A,0.05882,-0.0713913,0.2073,0.179184,177919890,5.61513e-05,0.0177219,outcome,reported,textfile,0.003141,2.81838293126447e-78,exposure,reported,textfile,2.81838293126447e-78
rs55726687,A,G,A,G,0.02972,0.00972272,0.211,0.213231,882140,0.55526,0.016482,outcome,reported,textfile,0.003116,1.44543977074593e-21,exposure,reported,textfile,1.44543977074593e-21
rs557951,G,T,G,T,0.01678,-0.0164142,0.3127,0.264319,62727588,0.281537,0.0152424,outcome,reported,textfile,0.002751,1.06169555719872e-09,exposure,reported,textfile,1.06169555719872e-09
rs55838622,C,A,C,A,0.02149,0.0112138,0.2457,0.242829,96375901,0.47589,0.0157292,outcome,reported,textfile,0.003054,1.99526231496888e-12,exposure,reported,textfile,1.99526231496888e-12
rs55911231,T,C,T,C,0.01907,-0.0159328,0.4104,0.483003,96331686,0.235424,0.0134284,outcome,reported,textfile,0.002587,1.65958690743756e-13,exposure,reported,textfile,1.65958690743756e-13
rs55938344,C,A,C,A,-0.01939,0.0115446,0.243,0.253099,107916550,0.453909,0.0154151,outcome,reported,textfile,0.002988,8.51138038202376e-11,exposure,reported,textfile,8.51138038202376e-11
rs55970472,G,A,G,A,0.01887,0.0105328,0.1816,0.177213,85237013,0.550723,0.0176524,outcome,reported,textfile,0.003314,1.23026877081238e-08,exposure,reported,textfile,1.23026877081238e-08
rs56000138,T,A,T,A,-0.02413,-0.0259359,0.109,0.0917523,5838526,0.267615,0.0233958,outcome,reported,textfile,0.004124,4.90907876152604e-09,exposure,reported,textfile,4.90907876152604e-09
rs56038322,A,G,A,G,0.01637,-0.014085,0.3111,0.325153,69875977,0.327496,0.0143846,outcome,reported,textfile,0.002768,3.35737614242955e-09,exposure,reported,textfile,3.35737614242955e-09
rs56398417,T,C,T,C,-0.01939,0.0263477,0.3127,0.285606,87975836,0.0758647,0.0148421,outcome,reported,textfile,0.002745,1.65958690743756e-12,exposure,reported,textfile,1.65958690743756e-12
rs56399737,T,C,T,C,-0.02035,-0.0151055,0.4494,0.448906,32807583,0.265342,0.0135615,outcome,reported,textfile,0.002565,2.13796208950223e-15,exposure,reported,textfile,2.13796208950223e-15
rs56803094,G,A,G,A,-0.02144,0.00381065,0.2276,0.279326,98679280,0.799862,0.0150306,outcome,reported,textfile,0.003043,1.86208713666287e-12,exposure,reported,textfile,1.86208713666287e-12
rs56854716,C,A,C,A,0.01812,0.0395236,0.1813,0.234746,79753356,0.0127664,0.0158716,outcome,reported,textfile,0.003313,4.51855944374923e-08,exposure,reported,textfile,4.51855944374923e-08
rs57116196,T,C,T,C,0.01771,-0.0197722,0.2073,0.200219,122313693,0.239506,0.0168099,outcome,reported,textfile,0.003155,1.99986186963274e-08,exposure,reported,textfile,1.99986186963274e-08
rs57590313,A,C,A,C,0.02157,0.0162087,0.1931,0.242773,112402274,0.301702,0.0156941,outcome,reported,textfile,0.003314,7.41310241300916e-11,exposure,reported,textfile,7.41310241300916e-11
rs587271,T,C,T,C,0.01614,-0.0248754,0.6874,0.677631,54277438,0.085686,0.0144742,outcome,reported,textfile,0.002863,1.74180687339161e-08,exposure,reported,textfile,1.74180687339161e-08
rs588660,A,G,A,G,0.02197,-0.00812369,0.5861,0.601587,96421048,0.552769,0.0136851,outcome,reported,textfile,0.002585,1.90546071796325e-17,exposure,reported,textfile,1.90546071796325e-17
rs59104534,T,C,T,C,0.01644,-0.00288471,0.3004,0.325047,25808653,0.840411,0.0143256,outcome,reported,textfile,0.002786,3.58921934645005e-09,exposure,reported,textfile,3.58921934645005e-09
rs60426889,T,G,T,G,0.01597,0.0208634,0.3485,0.424377,24431991,0.126597,0.0136571,outcome,reported,textfile,0.002685,2.73526872630671e-09,exposure,reported,textfile,2.73526872630671e-09
rs61813324,T,C,T,C,0.03641,0.0186179,0.1357,0.158121,156080086,0.312311,0.0184265,outcome,reported,textfile,0.00377,4.57088189614875e-22,exposure,reported,textfile,4.57088189614875e-22
rs61828641,A,G,A,G,0.03251,-0.052868,0.1083,0.0821432,174352859,0.0312227,0.0245416,outcome,reported,textfile,0.004091,1.94984459975804e-15,exposure,reported,textfile,1.94984459975804e-15
rs61903695,G,A,G,A,0.01815,0.00981275,0.256,0.247116,90189249,0.529089,0.0155907,outcome,reported,textfile,0.002918,4.96592321450336e-10,exposure,reported,textfile,4.96592321450336e-10
rs61950323,T,C,T,C,0.03211,-0.0322639,0.05878,0.0507968,53495911,0.298531,0.0310352,outcome,reported,textfile,0.00547299999999999,4.46683592150964e-09,exposure,reported,textfile,4.46683592150964e-09
rs61975613,T,C,T,C,0.01819,0.0121782,0.2522,0.239809,87829637,0.438851,0.0157314,outcome,reported,textfile,0.002931,5.40754322945582e-10,exposure,reported,textfile,5.40754322945582e-10
rs61992671,G,A,G,A,-0.02013,-0.00014946,0.4937,0.510107,101065517,0.991218,0.0135786,outcome,reported,textfile,0.002658,3.71535229097173e-14,exposure,reported,textfile,3.71535229097173e-14
rs62161461,T,G,T,G,0.01397,0.00129869,0.4719,0.42609,136765244,0.923985,0.0136109,outcome,reported,textfile,0.002551,4.33510878387528e-08,exposure,reported,textfile,4.33510878387528e-08
rs62246314,A,G,A,G,0.02874,-0.0381707,0.1018,0.0637078,9462415,0.168266,0.0277041,outcome,reported,textfile,0.004209,8.51138038202376e-12,exposure,reported,textfile,8.51138038202376e-12
rs62420492,G,T,G,T,-0.02045,-0.033421,0.1394,0.158979,123495024,0.0679642,0.0183105,outcome,reported,textfile,0.0037,3.28095293113119e-08,exposure,reported,textfile,3.28095293113119e-08
rs6424382,T,C,T,C,-0.01536,0.00527797,0.6452,0.70603,70130852,0.72096,0.0147769,outcome,reported,textfile,0.002683,1.03038612044162e-08,exposure,reported,textfile,1.03038612044162e-08
rs6472804,G,A,G,A,0.01802,0.0304845,0.1879,0.19201,73896168,0.0746775,0.0171027,outcome,reported,textfile,0.003303,4.87528490103386e-08,exposure,reported,textfile,4.87528490103386e-08
rs6484689,C,T,C,T,0.02239,0.0262083,0.1678,0.12185,11121483,0.208728,0.0208487,outcome,reported,textfile,0.003416,5.62341325190349e-11,exposure,reported,textfile,5.62341325190349e-11
rs6491206,G,C,G,C,0.01526,-0.00154519,0.6395,0.646021,27350448,0.912516,0.0140644,outcome,reported,textfile,0.002651,8.7096358995608e-09,exposure,reported,textfile,8.7096358995608e-09
rs6542924,A,C,A,C,-0.02613,0.00114187,0.6821,0.780485,100276651,0.94426,0.016332,outcome,reported,textfile,0.002752,2.23872113856835e-21,exposure,reported,textfile,2.23872113856835e-21
rs6545714,A,G,A,G,-0.02555,-0.0153004,0.6009,0.599683,59080590,0.263092,0.0136719,outcome,reported,textfile,0.002602,9.12010839355912e-23,exposure,reported,textfile,9.12010839355912e-23
rs6561766,G,A,G,A,-0.02795,-0.0101293,0.8814,0.886299,54117349,0.63493,0.0213339,outcome,reported,textfile,0.003992,2.51188643150958e-12,exposure,reported,textfile,2.51188643150958e-12
rs6575340,A,G,A,G,0.02591,-0.00205492,0.6371,0.625959,93557626,0.882448,0.0138971,outcome,reported,textfile,0.002652,1.51356124843621e-22,exposure,reported,textfile,1.51356124843621e-22
rs6601527,A,C,A,C,-0.02852,-0.0687623,0.5882,0.504216,10807934,3.3246e-07,0.0134721,outcome,reported,textfile,0.002593,3.8904514499428e-28,exposure,reported,textfile,3.8904514499428e-28
rs66679256,T,C,T,C,0.01889,-0.0153495,0.4453,0.365595,18350275,0.272325,0.013983,outcome,reported,textfile,0.002565,1.77827941003892e-13,exposure,reported,textfile,1.77827941003892e-13
rs6707827,G,A,G,A,0.0157,0.0163257,0.7027,0.748426,99506568,0.295411,0.0156028,outcome,reported,textfile,0.002803,2.10862814993329e-08,exposure,reported,textfile,2.10862814993329e-08
rs6730142,T,C,T,C,-0.01677,-0.00346354,0.2362,0.223643,127684440,0.831212,0.0162495,outcome,reported,textfile,0.003001,2.27509743077207e-08,exposure,reported,textfile,2.27509743077207e-08
rs6751993,G,A,G,A,0.07646,-0.00225765,0.8284,0.837359,635864,0.902121,0.0183576,outcome,reported,textfile,0.003421,1.25892541179415e-110,exposure,reported,textfile,1.25892541179415e-110
rs6843852,T,C,T,C,0.0195,0.00482877,0.5073,0.556443,161211606,0.722264,0.0135855,outcome,reported,textfile,0.002545,1.81970085860998e-14,exposure,reported,textfile,1.81970085860998e-14
rs6867471,T,C,T,C,-0.01882,0.000292092,0.3615,0.351302,3574450,0.983523,0.0141436,outcome,reported,textfile,0.002648,1.17489755493953e-12,exposure,reported,textfile,1.17489755493953e-12
rs6909685,T,C,T,C,-0.01986,0.0101063,0.3251,0.351077,97306076,0.470681,0.0140099,outcome,reported,textfile,0.002728,3.31131121482591e-13,exposure,reported,textfile,3.31131121482591e-13
rs6938973,C,T,C,T,0.02541,0.0152267,0.6011,0.677845,97973845,0.288836,0.0143556,outcome,reported,textfile,0.002602,1.62181009735893e-22,exposure,reported,textfile,1.62181009735893e-22
rs6950388,A,G,A,G,0.01897,-0.0217992,0.7956,0.768854,1231063,0.171512,0.0159425,outcome,reported,textfile,0.003156,1.84077200146896e-09,exposure,reported,textfile,1.84077200146896e-09
rs7024334,G,T,G,T,-0.01875,-0.0185411,0.7793,0.792825,106309794,0.259968,0.0164595,outcome,reported,textfile,0.00307,1.0023052380779e-09,exposure,reported,textfile,1.0023052380779e-09
rs7030609,G,A,G,A,0.02483,0.00525055,0.09023,0.144433,126653496,0.783408,0.0191012,outcome,reported,textfile,0.004458,2.56448403651772e-08,exposure,reported,textfile,2.56448403651772e-08
rs7034554,G,A,G,A,-0.0183,-0.00301396,0.3739,0.288792,37081304,0.839033,0.0148376,outcome,reported,textfile,0.002627,3.31131121482591e-12,exposure,reported,textfile,3.31131121482591e-12
rs7038966,T,C,T,C,0.01676,0.0227888,0.4122,0.494257,71162861,0.090315,0.0134547,outcome,reported,textfile,0.002597,1.10407861990207e-10,exposure,reported,textfile,1.10407861990207e-10
rs704061,C,T,C,T,0.02068,-0.0104731,0.4536,0.374536,89378126,0.449433,0.0138467,outcome,reported,textfile,0.002555,5.75439937337157e-16,exposure,reported,textfile,5.75439937337157e-16
rs7115013,T,C,T,C,-0.01659,-0.0190715,0.4427,0.403187,43913042,0.162868,0.0136665,outcome,reported,textfile,0.002567,1.02093948370768e-10,exposure,reported,textfile,1.02093948370768e-10
rs7124681,A,C,A,C,0.03231,0.020075,0.4082,0.397044,47508395,0.143721,0.0137305,outcome,reported,textfile,0.002584,7.0794578438414e-36,exposure,reported,textfile,7.0794578438414e-36
rs7132908,A,G,A,G,0.03402,-0.0162444,0.384,0.382426,49869365,0.241427,0.0138672,outcome,reported,textfile,0.002618,1.34896288259166e-38,exposure,reported,textfile,1.34896288259166e-38
rs7138383,A,G,A,G,-0.02364,0.0113318,0.2539,0.310678,103330312,0.43365,0.014473,outcome,reported,textfile,0.002927,6.60693448007597e-16,exposure,reported,textfile,6.60693448007597e-16
rs7169847,T,G,T,G,-0.01994,0.0180394,0.6344,0.516241,94729691,0.18049,0.0134698,outcome,reported,textfile,0.002651,5.37031796370253e-14,exposure,reported,textfile,5.37031796370253e-14
rs7201895,A,G,A,G,-0.02009,-0.0118617,0.3552,0.300698,357723,0.419106,0.0146808,outcome,reported,textfile,0.002674,5.88843655355588e-14,exposure,reported,textfile,5.88843655355588e-14
rs72618637,A,T,A,T,-0.0229,0.0107521,0.1892,0.223572,48726840,0.505188,0.0161358,outcome,reported,textfile,0.003303,4.07380277804112e-12,exposure,reported,textfile,4.07380277804112e-12
rs72683408,T,G,T,G,-0.04181,-0.0514538,0.03831,0.0113181,163580728,0.442062,0.0669348,outcome,reported,textfile,0.007038,2.85101826750391e-09,exposure,reported,textfile,2.85101826750391e-09
rs72740699,C,G,C,G,-0.01826,-0.0405835,0.2814,0.243686,27188711,0.0100256,0.0157609,outcome,reported,textfile,0.002843,1.33967668742594e-10,exposure,reported,textfile,1.33967668742594e-10
rs72813180,G,C,G,C,-0.02123,0.0168537,0.1538,0.154519,177305536,0.361739,0.0184788,outcome,reported,textfile,0.003543,2.07014134879105e-09,exposure,reported,textfile,2.07014134879105e-09
rs72820274,A,G,A,G,0.02036,0.0388223,0.4183,0.436604,103796466,0.00409195,0.0135223,outcome,reported,textfile,0.002585,3.31131121482591e-15,exposure,reported,textfile,3.31131121482591e-15
rs72828952,G,A,G,A,-0.01926,-0.00947786,0.4234,0.453858,124941039,0.483508,0.0135268,outcome,reported,textfile,0.002613,1.69824365246175e-13,exposure,reported,textfile,1.69824365246175e-13
rs72892910,T,G,T,G,0.05161,-0.00711374,0.1708,0.203385,50849174,0.67036,0.0167125,outcome,reported,textfile,0.003388,2.08929613085404e-52,exposure,reported,textfile,2.08929613085404e-52
rs72917533,C,T,C,T,-0.02331,-0.00384108,0.1864,0.143299,174374196,0.842092,0.0192808,outcome,reported,textfile,0.003277,1.12201845430197e-12,exposure,reported,textfile,1.12201845430197e-12
rs73213484,T,A,T,A,-0.02784,-0.000486273,0.1395,0.146152,28487717,0.979545,0.0189659,outcome,reported,textfile,0.003678,3.80189396320561e-14,exposure,reported,textfile,3.80189396320561e-14
rs7442885,G,C,G,C,-0.03394,0.009864,0.21,0.187482,88387060,0.568814,0.0173114,outcome,reported,textfile,0.003131,2.23872113856835e-27,exposure,reported,textfile,2.23872113856835e-27
rs7498044,A,G,A,G,-0.0244,0.00785108,0.2187,0.253874,92030409,0.611782,0.0154692,outcome,reported,textfile,0.003108,4.16869383470335e-15,exposure,reported,textfile,4.16869383470335e-15
rs7519259,A,G,A,G,0.01901,0.0166165,0.5305,0.564101,65969060,0.219507,0.0135332,outcome,reported,textfile,0.002562,1.14815362149688e-13,exposure,reported,textfile,1.14815362149688e-13
rs75412871,T,C,T,C,-0.03782,-0.0115217,0.0524,0.0672763,121271627,0.665882,0.0266825,outcome,reported,textfile,0.005715,3.63078054770102e-11,exposure,reported,textfile,3.63078054770102e-11
rs75499503,T,C,T,C,-0.02306,-0.0757455,0.2194,0.231832,26144989,2.64984e-06,0.0161289,outcome,reported,textfile,0.003121,1.47910838816821e-13,exposure,reported,textfile,1.47910838816821e-13
rs7557796,C,T,C,T,-0.02107,-0.00294531,0.648,0.607093,86539030,0.830266,0.01374,outcome,reported,textfile,0.002663,2.57039578276887e-15,exposure,reported,textfile,2.57039578276887e-15
rs75709474,T,C,T,C,-0.02538,-0.0406338,0.1026,0.0855608,370303,0.0942758,0.0242842,outcome,reported,textfile,0.004229,1.95884467350599e-09,exposure,reported,textfile,1.95884467350599e-09
rs7584419,A,C,A,C,0.01996,-0.00942847,0.3474,0.381069,104799665,0.494081,0.0137877,outcome,reported,textfile,0.002672,8.128305161641e-14,exposure,reported,textfile,8.128305161641e-14
rs7595500,A,G,A,G,0.0181,-0.0166509,0.3159,0.298661,81618859,0.256159,0.0146638,outcome,reported,textfile,0.002742,4.07380277804112e-11,exposure,reported,textfile,4.07380277804112e-11
rs7607923,A,G,A,G,-0.01863,0.0220209,0.3705,0.391091,55096047,0.109639,0.0137646,outcome,reported,textfile,0.002653,2.18776162394955e-12,exposure,reported,textfile,2.18776162394955e-12
rs76084874,A,G,A,G,0.02112,-0.00268105,0.1311,0.0962257,12015506,0.907049,0.0229618,outcome,reported,textfile,0.003795,2.62421854338444e-08,exposure,reported,textfile,2.62421854338444e-08
rs7610647,G,A,G,A,-0.0162,-0.01409,0.2896,0.243898,117150414,0.36793,0.0156493,outcome,reported,textfile,0.002811,8.2224264994707e-09,exposure,reported,textfile,8.2224264994707e-09
rs7619189,A,C,A,C,0.01621,-0.011102,0.2648,0.21237,73314000,0.497494,0.0163641,outcome,reported,textfile,0.00288,1.82389570231964e-08,exposure,reported,textfile,1.82389570231964e-08
rs7626095,T,C,T,C,-0.01613,-0.0262591,0.4365,0.391677,176602524,0.056469,0.013767,outcome,reported,textfile,0.002612,6.60693448007596e-10,exposure,reported,textfile,6.60693448007596e-10
rs765125,C,T,C,T,0.01559,0.0137973,0.4055,0.456325,2047041,0.306232,0.013485,outcome,reported,textfile,0.002601,2.07014134879105e-09,exposure,reported,textfile,2.07014134879105e-09
rs76638898,A,G,A,G,-0.05272,0.0962143,0.02415,0.0363758,20810655,0.00531031,0.0345153,outcome,reported,textfile,0.008537,6.60693448007596e-10,exposure,reported,textfile,6.60693448007596e-10
rs7683836,A,G,A,G,-0.01672,0.0185099,0.5582,0.475785,179246752,0.168874,0.0134537,outcome,reported,textfile,0.002568,7.41310241300916e-11,exposure,reported,textfile,7.41310241300916e-11
rs7692662,C,T,C,T,-0.01565,0.0177157,0.5266,0.494539,6491784,0.18591,0.0133928,outcome,reported,textfile,0.002548,8.20351544329818e-10,exposure,reported,textfile,8.20351544329818e-10
rs7707394,A,G,A,G,-0.02706,0.0133983,0.3549,0.372346,75177114,0.333707,0.0138602,outcome,reported,textfile,0.002656,2.18776162394955e-24,exposure,reported,textfile,2.18776162394955e-24
rs7707981,G,A,G,A,-0.01608,0.00353662,0.3288,0.212909,81626930,0.830116,0.0164837,outcome,reported,textfile,0.002716,3.22849412171264e-09,exposure,reported,textfile,3.22849412171264e-09
rs77165542,T,C,T,C,-0.135,0.117563,0.03543,0.017022,430975,0.026562,0.0530067,outcome,reported,textfile,0.006961,8.12830516164093e-84,exposure,reported,textfile,8.12830516164093e-84
rs7720912,T,C,T,C,0.02174,0.000528221,0.1154,0.131224,152678731,0.978901,0.0199734,outcome,reported,textfile,0.003982,4.79733448636689e-08,exposure,reported,textfile,4.79733448636689e-08
rs7728095,G,A,G,A,0.01858,-0.00784576,0.3874,0.363721,139704507,0.574717,0.0139823,outcome,reported,textfile,0.002635,1.77827941003892e-12,exposure,reported,textfile,1.77827941003892e-12
rs7776021,A,G,A,G,0.019,0.0186749,0.2878,0.301482,73032429,0.200564,0.0145904,outcome,reported,textfile,0.002812,1.38038426460289e-11,exposure,reported,textfile,1.38038426460289e-11
rs778094,A,G,A,G,-0.02356,-0.00795375,0.5774,0.530135,147146234,0.555314,0.0134851,outcome,reported,textfile,0.002579,6.60693448007596e-20,exposure,reported,textfile,6.60693448007596e-20
rs77927866,A,G,A,G,0.01817,-0.00879477,0.3137,0.291237,132911188,0.554492,0.0148801,outcome,reported,textfile,0.002757,4.36515832240167e-11,exposure,reported,textfile,4.36515832240167e-11
rs7795394,A,T,A,T,-0.01882,-0.02227,0.6233,0.70952,113920552,0.131693,0.0147732,outcome,reported,textfile,0.002628,7.94328234724282e-13,exposure,reported,textfile,7.94328234724282e-13
rs78054636,T,C,T,C,0.02228,-0.0123102,0.1471,0.144666,79952463,0.516596,0.0189796,outcome,reported,textfile,0.003626,8.05378441199068e-10,exposure,reported,textfile,8.05378441199068e-10
rs7810870,G,C,G,C,-0.02445,-0.0158281,0.1347,0.137398,133896720,0.414084,0.0193799,outcome,reported,textfile,0.00374,6.30957344480194e-11,exposure,reported,textfile,6.30957344480194e-11
rs78605811,C,A,C,A,-0.04002,-0.00531451,0.05388,0.044448,83582340,0.869723,0.0324035,outcome,reported,textfile,0.005744,3.23593656929628e-12,exposure,reported,textfile,3.23593656929628e-12
rs786420,T,C,T,C,0.01723,-0.00739182,0.7631,0.702757,44492754,0.614899,0.0146928,outcome,reported,textfile,0.003001,9.46237161365795e-09,exposure,reported,textfile,9.46237161365795e-09
rs7865801,A,G,A,G,-0.01458,-0.0330025,0.6323,0.657315,14745888,0.0196426,0.0141453,outcome,reported,textfile,0.002662,4.35511873685569e-08,exposure,reported,textfile,4.35511873685569e-08
rs79027764,C,T,C,T,-0.05326,0.0370413,0.021,0.0129288,160470199,0.547501,0.0615807,outcome,reported,textfile,0.008865,1.87931681680326e-09,exposure,reported,textfile,1.87931681680326e-09
rs7924036,T,G,T,G,-0.0173,0.0323408,0.5029,0.513885,63431885,0.0160122,0.013427,outcome,reported,textfile,0.002546,1.0715193052376e-11,exposure,reported,textfile,1.0715193052376e-11
rs7925100,A,G,A,G,0.01912,-0.0036814,0.3964,0.292955,119070886,0.80381,0.0148193,outcome,reported,textfile,0.002602,1.94984459975804e-13,exposure,reported,textfile,1.94984459975804e-13
rs7942486,T,G,T,G,0.02164,0.0132719,0.5691,0.509077,13267151,0.323359,0.0134388,outcome,reported,textfile,0.002569,3.630780547701e-17,exposure,reported,textfile,3.630780547701e-17
rs7966054,C,T,C,T,0.01488,-0.00242637,0.5673,0.439394,14398091,0.857597,0.0135223,outcome,reported,textfile,0.002565,6.56145266302906e-09,exposure,reported,textfile,6.56145266302906e-09
rs7967402,G,A,G,A,0.01942,-0.0162443,0.1727,0.160757,60568540,0.375771,0.0183403,outcome,reported,textfile,0.003372,8.53100114017588e-09,exposure,reported,textfile,8.53100114017588e-09
rs79781120,A,C,A,C,-0.02275,0.0121894,0.1143,0.0640316,101484149,0.659897,0.0276996,outcome,reported,textfile,0.004014,1.44543977074593e-08,exposure,reported,textfile,1.44543977074593e-08
rs799449,T,C,T,C,0.02338,-0.03107,0.5585,0.431218,44745098,0.0224579,0.0136121,outcome,reported,textfile,0.002571,9.33254300796989e-20,exposure,reported,textfile,9.33254300796989e-20
rs8020365,A,T,A,T,0.03353,0.00758324,0.2214,0.240534,79470873,0.629502,0.0157189,outcome,reported,textfile,0.003074,1.09647819614318e-27,exposure,reported,textfile,1.09647819614318e-27
rs8026411,T,C,T,C,-0.05471,-0.060617,0.02194,0.0169616,61825023,0.254369,0.0531821,outcome,reported,textfile,0.008763,4.27562886151586e-10,exposure,reported,textfile,4.27562886151586e-10
rs815163,C,T,C,T,-0.01974,-0.00104651,0.5618,0.470242,190325596,0.938028,0.0134602,outcome,reported,textfile,0.002563,1.34896288259166e-14,exposure,reported,textfile,1.34896288259166e-14
rs869400,G,T,G,T,0.04135,-0.00776879,0.8151,0.838771,186108951,0.671365,0.0183107,outcome,reported,textfile,0.003284,2.39883291901951e-36,exposure,reported,textfile,2.39883291901951e-36
rs879620,T,C,T,C,0.03121,0.0126135,0.615,0.57896,3965728,0.352843,0.0135762,outcome,reported,textfile,0.002622,1.17489755493953e-32,exposure,reported,textfile,1.17489755493953e-32
rs889495,C,T,C,T,-0.01428,0.000110184,0.5816,0.552095,2183564,0.993516,0.0135585,outcome,reported,textfile,0.002612,4.63446919736288e-08,exposure,reported,textfile,4.63446919736288e-08
rs898253,G,A,G,A,-0.02336,-0.0176997,0.8821,0.923157,29560433,0.481244,0.0251308,outcome,reported,textfile,0.003961,3.69828179780266e-09,exposure,reported,textfile,3.69828179780266e-09
rs909001,G,C,G,C,0.02396,0.0158241,0.1719,0.219671,31731046,0.327931,0.0161753,outcome,reported,textfile,0.003375,1.25892541179417e-12,exposure,reported,textfile,1.25892541179417e-12
rs9294260,A,G,A,G,0.01842,0.0198441,0.4776,0.507536,82723511,0.139724,0.0134371,outcome,reported,textfile,0.002561,6.30957344480194e-13,exposure,reported,textfile,6.30957344480194e-13
rs930295,C,A,C,A,-0.02643,0.0249085,0.8369,0.871487,50006214,0.213059,0.0200036,outcome,reported,textfile,0.003438,1.51356124843621e-14,exposure,reported,textfile,1.51356124843621e-14
rs9317002,A,C,A,C,0.02178,-0.0355769,0.5136,0.508086,58601593,0.00815925,0.0134486,outcome,reported,textfile,0.002562,1.90546071796325e-17,exposure,reported,textfile,1.90546071796325e-17
rs9323577,T,C,T,C,0.01677,-0.00612522,0.5079,0.458979,72838486,0.649443,0.0134757,outcome,reported,textfile,0.002548,4.57088189614875e-11,exposure,reported,textfile,4.57088189614875e-11
rs935166,A,G,A,G,-0.016,-0.0199972,0.5069,0.428619,26726498,0.143315,0.0136634,outcome,reported,textfile,0.002547,3.31894457552611e-10,exposure,reported,textfile,3.31894457552611e-10
rs9368828,T,A,T,A,-0.03629,-0.028548,0.661,0.671042,34693672,0.04561,0.0142812,outcome,reported,textfile,0.002725,1.86208713666288e-40,exposure,reported,textfile,1.86208713666288e-40
rs9463175,T,C,T,C,-0.01612,0.0217375,0.3372,0.335951,9509797,0.127592,0.0142666,outcome,reported,textfile,0.002712,2.76694164541151e-09,exposure,reported,textfile,2.76694164541151e-09
rs9478496,C,T,C,T,0.02237,-0.00684042,0.1645,0.199263,154012048,0.683312,0.0167679,outcome,reported,textfile,0.003442,8.128305161641e-11,exposure,reported,textfile,8.128305161641e-11
rs9489622,A,G,A,G,0.01675,-0.00349261,0.52,0.55696,119205185,0.796688,0.0135564,outcome,reported,textfile,0.002551,5.12861383991366e-11,exposure,reported,textfile,5.12861383991366e-11
rs9515446,G,A,G,A,0.01976,0.000372467,0.4495,0.48516,111564761,0.977822,0.0133985,outcome,reported,textfile,0.002557,1.09647819614318e-14,exposure,reported,textfile,1.09647819614318e-14
rs9540493,G,A,G,A,-0.01821,0.00618083,0.544,0.486362,65631572,0.64554,0.0134375,outcome,reported,textfile,0.002566,1.28824955169313e-12,exposure,reported,textfile,1.28824955169313e-12
rs9584870,C,T,C,T,-0.01893,0.0220003,0.3658,0.33742,98593612,0.124827,0.0143341,outcome,reported,textfile,0.002687,1.81970085860998e-12,exposure,reported,textfile,1.81970085860998e-12
rs9784934,T,A,T,A,0.01572,-0.0116523,0.3459,0.345491,137737399,0.408926,0.0141106,outcome,reported,textfile,0.002675,4.13999674819731e-09,exposure,reported,textfile,4.13999674819731e-09
rs9788550,C,G,C,G,-0.02916,0.0090363,0.2481,0.35237,29211932,0.519503,0.0140291,outcome,reported,textfile,0.002955,5.75439937337159e-23,exposure,reported,textfile,5.75439937337159e-23
rs9799247,A,G,A,G,0.01591,-0.000704168,0.561,0.512216,161704190,0.958217,0.0134407,outcome,reported,textfile,0.002558,5.00034534976978e-10,exposure,reported,textfile,5.00034534976978e-10
rs9829332,T,G,T,G,-0.01611,-0.017207,0.3476,0.336664,123330860,0.227389,0.0142546,outcome,reported,textfile,0.002688,2.04644463672467e-09,exposure,reported,textfile,2.04644463672467e-09
rs9843653,C,T,C,T,0.03947,-0.0115632,0.5148,0.394783,49883138,0.399625,0.0137282,outcome,reported,textfile,0.002548,4.16869383470333e-54,exposure,reported,textfile,4.16869383470333e-54
